z (m),u (m/s),V (1/s),T (K),rho (kg/m3),H,O,HO2,CH3,CH2O,C2H4,C2H6,CH4,CO2,H2O,O2,H2,CO,OH,CH2,CH2(S),HCO,CH3O,C2H5,N2
0.0,1.473095649286756,1.3138182912106264e-18,300.0,0.6516888434670303,3.0854707371976157e-16,5.379302860948983e-16,4.8638460876362543e-19,2.4995828393339531e-17,2.0288128464850949e-18,-4.3691927883428928e-16,8.744841771376611e-16,0.9999999999998832,7.1982677811270964e-16,-3.061122239378462e-17,-1.1422714679525279e-17,1.1580160388333475e-13,-5.1408660572697768e-16,-8.7360995640474416e-16,-6.78463733636725e-16,7.7499506951063445e-16,-2.9290186926617727e-18,2.784048446916714e-19,-7.0417657477730839e-19,2.1812930089182834e-16
0.00042553191489361702,1.4649230538002371,19.205599396308735,299.99999999999994,0.6516888434664675,3.1359608089140895e-16,5.2026434976093403e-16,4.8639178271518172e-19,7.3249422847690989e-16,2.0288378518871001e-18,-4.3691453423544474e-16,8.7676342254667537e-16,0.99999999999889555,7.1984624514849492e-16,-8.8145079121733969e-16,-1.1297245251786671e-17,1.1036549722670204e-12,-5.13559930612261e-16,-1.5297493711407894e-17,-6.7679192703324012e-16,1.6371326001797044e-21,-2.9290009576410023e-18,2.7840504970454846e-19,-7.0417639561183753e-19,2.2598773707384932e-16
0.00085106382978723403,1.4404052673487493,38.411198792656002,300.00000000000142,0.6516888434611432,3.198307482415173e-16,5.0289233870697745e-16,4.8659823101411468e-19,7.4456747423491225e-16,2.0298192668870252e-18,-4.367352155048552e-16,8.7880862641276382e-16,0.99999999998955647,7.2057275654539517e-16,-7.8350560813414841e-16,-7.6916492593305538e-18,1.0442255753884151e-11,-4.9824139095191504e-16,2.1248641769987969e-20,-6.7509510747020488e-16,3.4025337440289967e-27,-2.9289829121372588e-18,2.7841342881980917e-19,-7.0416875287049653e-19,4.5257628922506074e-16
0.001276595744680851,1.3995422900181287,57.616798189167028,300.00000000004042,0.6516888434115122,3.3376007303986407e-16,4.8561633652748671e-16,4.924488468465941e-19,7.7194101435625251e-16,2.0676428700148618e-18,-4.3007041248124452e-16,8.8118957047525734e-16,0.99999999990258648,7.4724513687010507e-16,1.9424400757441215e-15,9.3997190196038073e-17,9.7402650236639493e-11,-5.991034269358401e-17,2.8063274240072569e-19,-6.733522548801084e-16,9.5126268883914634e-33,-2.9289643048880748e-18,2.7873790350199773e-19,-7.0386462303082975e-19,6.88043010486332e-15
0.0017021276595744681,1.3423341225556844,76.822397587515525,300.00000000102045,0.6516888429597623,3.9606113218236837e-16,4.6823540954465117e-16,6.5371930865226944e-19,8.029817729430838e-16,3.4850339992244087e-18,-1.8919755733617469e-16,8.996791143484368e-16,0.99999999911305504,1.6994446321854135e-15,7.6204100221646665e-14,2.8832228341337209e-15,8.866661714134215e-10,1.2139276249602441e-14,2.7503523928301444e-19,-6.7153870840472307e-16,2.6017069262648791e-33,-2.9289439625966628e-18,2.9094401565070682e-19,-6.9211524019927293e-19,1.8423488834935713e-13
0.0021276595744680851,1.2687807711541423,96.027997011740638,300.00000002471523,0.6516888389777081,7.5254846081797653e-16,4.5052491244121179e-16,4.9239777065814739e-18,9.1585435037332535e-16,5.4486712839180255e-17,8.1701956424070206e-15,1.5204311266959519e-15,0.99999999220305591,3.4342205321824518e-14,2.0309070670359727e-12,7.6375482542316696e-14,7.7895678530907018e-09,3.3827520763889901e-13,2.6470541871022804e-19,-6.6962363554271634e-16,2.4757546751323533e-33,-2.9288893236888077e-18,7.318329436921949e-19,-2.5629617640329358e-19,4.8849414525542501e-12
0.002553191489361702,1.1788822843648736,115.2335967925812,300.00000056749724,0.651688805135516,2.8141967930824385e-15,4.3221408041177142e-16,1.1203377912869364e-16,3.004933260901266e-15,1.791904924300032e-15,2.828409785036089e-13,2.3381202858925961e-14,0.99999993458191638,1.0938534496865761e-12,5.0780616578218291e-11,1.9107158999077462e-12,6.523248158164737e-08,8.5973824913809954e-12,2.5394797774834205e-19,-6.6756577394653177e-16,9.3508047691640891e-33,-2.9277140184993767e-18,1.5808425018386836e-17,1.5047565970248621e-17,1.2290586203919248e-10
0.0029787234042553193,1.0726390241083754,134.43920142443014,300.00001215861232,0.6516885261602304,1.415047837240567e-14,4.1295933246871519e-16,2.6158716905935024e-15,4.9947365055644209e-14,5.6908087157957498e-14,8.6878990736954789e-12,7.4229229569917808e-13,0.99999948219307533,3.3121659004459155e-11,1.1839023611912693e-09,4.4581132371650844e-11,5.1344777382504821e-07,2.0351771843216765e-10,2.4263476203628908e-19,-6.6530239246551085e-16,1.8437119748670656e-30,-2.8913917656629535e-18,4.959047122106382e-16,5.154526141050127e-16,2.8844736571183954e-09
0.0034042553191489361,0.95005362953642991,153.64487316073664,300.00023842267467,0.6516862328540057,7.1996091010445149e-14,3.9243970712587372e-16,5.6097008691830551e-14,1.0273000650336125e-12,1.6527505194501457e-12,2.4346445429145151e-10,2.2320145411397525e-11,0.99999617029802246,9.1691709503068195e-10,2.5250253371438144e-08,9.51568825762733e-10,3.7359802909190758e-06,4.4067400176989942e-09,2.312074667840651e-19,-6.6266866564849319e-16,2.9005777249699827e-28,-1.8515496959853939e-18,1.4449446712330369e-14,1.5448133335884233e-14,6.1927584953462991e-08
0.003829787234042553,0.81114588119423725,172.85148468882502,300.00417614171192,0.6516664384304938,3.4018114757623613e-13,3.724539503344286e-16,1.073960845280014e-12,1.9177422093679849e-11,4.2759836108404661e-11,6.0786582975969424e-09,5.9841019277278678e-10,0.99997357489018124,2.2618295760165049e-08,4.8071948899642677e-07,1.8130243544167839e-08,2.4624992555168484e-05,8.5164444426306127e-08,4.2452411840854526e-19,-6.5837963644323782e-16,3.5898791653647715e-26,2.429791500756779e-17,3.7523412007639705e-13,4.1182703339433965e-13,1.1867435840542452e-06
0.0042553191489361703,0.65606919866419899,192.07060514772317,300.06324367266171,0.6514815617066726,1.4415907020190026e-12,3.8287297043422849e-16,1.7757422635290766e-11,3.0957640897359698e-10,9.525880649112527e-10,1.3072506456280336e-07,1.3811111179106349e-08,0.99982684684520529,4.8063748825136808e-07,7.9050499481215493e-06,2.9837285077037679e-07,0.00014325938743145995,1.4214132079676551e-06,4.9613194256008472e-17,-6.3848415686812213e-16,3.417817576850504e-24,5.5850780961310029e-16,8.3901701282643843e-12,9.4505541904877691e-12,1.9642458487899501e-05
0.0046808510638297876,0.48590979285872632,211.42960107405264,300.78950546604642,0.6497362124664852,5.3369023081861216e-12,7.2922920984778117e-16,2.4150901225742016e-10,4.1147913705332926e-09,1.7367486164422808e-08,2.3021530198507795e-06,2.6076351058380606e-07,0.99888162354449306,8.3654435512797476e-06,0.00010692368024582005,4.0399485829140827e-06,0.00070947055232861819,1.9513423242611417e-05,7.8504449207951289e-15,-4.9079164994674985e-16,2.5443853236345026e-22,7.6593062888614048e-15,1.5344153038679144e-10,1.7740853918910365e-10,0.00026747843103582669
0.0048936170212765962,0.39755933706066204,221.53140271255211,303.40817826652551,0.6442295158120519,1.0635612014664807e-11,1.8295819431239173e-15,1.1182755389067168e-09,1.8760090276872617e-08,1.023142891747134e-07,1.3172990036880402e-05,1.5832416270419191e-06,0.99652145761584143,4.7399125266269801e-05,0.00049137733678935246,1.8598344464865876e-05,0.0015779239209161701,9.0849812082401986e-05,1.5472227278969156e-13,-2.0378436258751599e-16,4.8166647874753115e-21,2.2798674510109685e-14,9.0067830013279187e-10,1.0715325720745816e-09,0.0012375134372950402
0.0050000000000000001,0.35504346110496321,227.18238895590795,307.965296805359,0.6353620728377395,1.6264829355094087e-11,3.4173214701710355e-15,2.7659626072351067e-09,4.6000382941659866e-08,3.029082951078731e-07,3.812974446364891e-05,4.8040505614796443e-06,0.9929375462630452,0.00013616774628649744,0.0012005135678010174,4.5563464895564113e-05,0.0023675236604282931,0.00022448268745823367,8.5125118456400149e-13,1.877689097567868e-16,4.1271346831270956e-20,4.3257071357928155e-14,2.6398999372906957e-09,3.238249065686923e-09,0.0030449112451073198
0.005106382978723404,0.31655414742554211,234.0799228833209,318.92058979225811,0.6156733091851557,2.7201261901249387e-11,6.711991263904969e-15,6.9952241330047945e-09,1.1556772924864517e-07,9.2108994925075492e-07,0.00011329699562610029,1.5018193261876545e-05,0.98469349201853051,0.00040153924565917152,0.0029692444004118927,0.00011337223342518134,0.0035070802087520418,0.00056382425905252096,4.2383847624334498e-12,1.287470611647048e-15,4.4921168404515859e-19,9.9704195641551231e-14,7.8993039664593989e-09,1.0082182228454494e-08,0.0076220707793443372
0.0052127659574468087,0.28431065952510065,243.40331445937099,342.1735822466938,0.578851385294178,5.401740665122135e-11,1.3472551927466109e-14,1.6704340347226209e-08,2.7689843429469381e-07,2.5471248955842718e-06,0.00030737785279955207,4.2716381147028465e-05,0.96742882252101992,0.0010829506307132913,0.0067802180838923498,0.00026195918878840866,0.0050168759440132474,0.001314589217653452,1.5519511619269451e-11,5.5536499741194133e-15,4.1883951445655418e-18,2.7804345408680014e-13,2.1137725332396622e-08,2.8594674187217854e-08,0.017761599650069224
0.0053191489361702126,0.25802999185438608,256.43115314226065,384.40230802736841,0.524289088852504,1.3475477644794037e-10,2.8402921220607516e-14,3.6530062928225075e-08,6.2059664337280433e-07,6.0584625040480107e-06,0.00072155294914452641,0.00010457492342709285,0.93603600332076708,0.0025337775631658422,0.013630569038470541,0.00053731879118629406,0.0068243045477199326,0.0027191092519393586,3.9110173938797544e-11,2.2876130589487824e-14,2.8080915358366216e-17,7.9171705234582868e-13,4.7002525993373081e-08,7.0042919654780395e-08,0.036885956804815372
0.0054255319148936165,0.23293063639951611,273.59228927002783,448.98377249733608,0.4616909961408495,4.2304313265158841e-10,6.2708271073148037e-14,7.2669396606523693e-08,1.3131153477118385e-06,1.2188668501728245e-05,0.0014420016190457019,0.00021659439965756216,0.88737608648199617,0.0050624888066776678,0.023803752679506539,0.00096531444458506743,0.0087878978838448231,0.0049219246570967696,7.5028396595744334e-11,8.1405984320322822e-14,1.4173111913073519e-16,2.4076802022091121e-12,8.2899835750630399e-08,1.4656273465615889e-07,0.067410134611149836
0.0055319148936170213,0.20204361791659531,293.78883577729573,533.93732022200095,0.40336522867300606,1.5958767326987992e-09,1.5470194832722055e-13,1.3065104420118864e-07,2.6682145721390181e-06,2.1013844429109977e-05,0.0024829673769545964,0.00038387978631299725,0.82212062095460869,0.0087390494417762567,0.036607572885147745,0.0015347034076022567,0.010771760155118618,0.007875862930111395,1.2825829999547246e-10,2.5175577428864296e-13,6.0929720381647984e-16,9.6026763086025539e-12,1.1003760957938425e-07,2.6813526973869188e-07,0.10945939044529771
0.005638297872340426,0.16053699335477659,314.78835490600198,634.65595214210452,0.3550598978509658,6.0747170465578663e-09,6.146320447324194e-13,2.0816778105541016e-07,5.2845984106174922e-06,3.1904462256154576e-05,0.003778534124671112,0.0005971267343212374,0.74415807809524992,0.013356988750411324,0.050854482976892143,0.0022050542077467691,0.012687082750488871,0.011375398467839288,2.1289934859997164e-10,6.6636947494551404e-13,2.2351277336727195e-15,4.5676098875494501e-11,9.3092545439395895e-08,4.4087027004741524e-07,0.16094931636654031
0.0057446808510638299,0.10689486336857565,334.21474255993792,746.8080647264876,0.3166730549439535,1.669618581096895e-08,3.4645375230802942e-12,2.8595965721259201e-07,1.0327933983599368e-05,4.3840229421106306e-05,0.0052203321600804882,0.00083757385676311367,0.65882797495565926,0.018548488009124203,0.065437769543171528,0.0029264756926007142,0.014490348572686567,0.015157264658993634,3.537043669030407e-10,1.6752817226087997e-12,7.1618930154181881e-15,1.8070334368377438e-10,3.6479895072344048e-08,6.3898887054329488e-07,0.21849862572335221
0.0058510638297872338,0.041671438473440341,350.30761981908233,866.8726151424097,0.28619205673250353,3.8435036384932764e-08,1.7901190933696866e-11,3.3501555430071846e-07,2.0121542104898131e-05,5.5782564986620784e-05,0.0067017784026798628,0.0010844069740168268,0.57132832932920363,0.023932416447830836,0.079598476697686826,0.0036555312745912127,0.016168433685526139,0.018986986577383229,6.5848085993537009e-10,6.9206558311074898e-12,3.6208829367925307e-14,5.5159757927048399e-10,1.1812231184933507e-08,7.9775921227620227e-07,0.27846655224701933
0.0059574468085106386,-0.033710087187887171,362.15887928829829,991.76797446953992,0.2616696552714654,9.3432368905304761e-08,8.8397768336643087e-11,3.3814140128963157e-07,3.9508031725413903e-05,6.7039929578485089e-05,0.0081426047430736715,0.0013189961012958175,0.48582057762283049,0.029206779696395648,0.092924201051074476,0.0043616519872865843,0.017724526412137429,0.022696947085225318,1.7903818609628268e-09,4.4020421473699147e-11,3.0119017107723792e-13,1.404888502496202e-09,5.6967883160512959e-09,8.5531314435419352e-07,0.33769587142768398
0.0061702127659574463,-0.20901509679717031,373.73367964790737,1247.5773529343614,0.2238184531494186,4.6150899802629945e-07,1.2717808941553974e-09,2.7182045032661807e-07,0.0001288933186486456,8.5357065512853649e-05,0.010600543001860016,0.0016807374057572183,0.33882834891657881,0.038263110371997103,0.11523960753329249,0.0055743586859667337,0.020343915350240424,0.029056741647259611,2.6310604687439714e-08,1.0795660956534848e-09,1.6221218727727361e-11,5.8520220078721543e-09,2.8084544131797689e-09,7.0695762458393391e-07,0.44019690907716391
0.0062765957446808511,-0.30441142657886983,374.0694645106347,1370.451687266469,0.21041827728618454,1.2755577775352418e-06,5.4623312282292061e-09,3.05747758816261e-07,0.0002626302729774388,9.4120524783529281e-05,0.011731454100393938,0.0017881546383608769,0.27044379347229497,0.042464215934295918,0.12566348709014791,0.0061458157368895292,0.021598262607439658,0.032038501956389916,1.2071638502339892e-07,6.9804974259822733e-09,1.3922872228724715e-10,1.3829611080527123e-08,4.3662662910095134e-09,1.1367248508540548e-06,0.48776669414131935
0.006382978723404255,-0.40298108836651281,371.48626776199853,1488.151096247087,0.19927087089343015,3.5983075076526666e-06,2.231570156539351e-08,3.9209282752093331e-07,0.00051850702232227931,0.00010288954969325891,0.012730553773990114,0.0017989192154751188,0.20884800090150554,0.046242137377359667,0.13518768938589565,0.0066694576001542936,0.022765130362015256,0.034748925169389704,5.0966648905491755e-07,4.0746042668673471e-08,1.04730300304502e-09,3.2992116260658308e-08,9.0824941737389712e-09,2.2603124330263401e-06,0.53038092307928408
0.0064893617021276589,-0.50309034211321724,366.45370557561108,1598.7848028609296,0.1899944380636059,1.0447553697526314e-05,8.8358985323752247e-08,5.4201526303102782e-07,0.00098919257246789455,0.00011295046510489543,0.013557170402556117,0.0016620472250534093,0.15394640675877727,0.049603226636840837,0.14385536385478187,0.0071518216644960294,0.023828457756086933,0.037188177214856656,2.0261230292148736e-06,2.1890427567466267e-07,7.0758903479011861e-09,8.1228083212730671e-08,2.1572707467040107e-08,5.0332706023553299e-06,0.56808671934644395
0.0065425531914893613,-0.55314683602241066,363.13045353781933,1650.9508049455139,0.1859908999610143,1.8321377687296849e-05,1.7857302236873236e-07,6.558665933794861e-07,0.0013419850495456492,0.0001194933637653531,0.013858304674082214,0.0015256870360463035,0.12860290204087213,0.051154640807648658,0.14793784334102542,0.0073888486737873947,0.024302697123795063,0.038320088822060575,4.0379985165476833e-06,5.056942605649639e-07,1.8062360633722588e-08,1.3139240073720836e-07,3.3858616334396149e-08,7.664078469384075e-06,0.58541596216544389
0.0065957446808510636,-0.60309140408856743,359.3229388897409,1700.908733411751,0.18232311473118726,3.1827935310668507e-05,3.5529196528023146e-07,8.021156020210571e-07,0.0017687842770449371,0.00012743777386669966,0.014041749408955362,0.0013487105845814043,0.10504787756078449,0.052598332705354515,0.15179478972497223,0.0076256914586528626,0.024711016238373934,0.039373347661371565,7.92077364215017e-06,1.1160685788847854e-06,4.3907865227895225e-08,2.1341949299309618e-07,5.2169721060779601e-08,1.1355852157267179e-05,0.60150857507170641
0.006648936170212766,-0.65279220817545791,355.07364500508288,1748.6128942219766,0.17895769069320153,5.5414809937691475e-05,7.0842148208394506e-07,9.974884702822844e-07,0.0022606346398555215,0.00013736403622247956,0.014050387303627792,0.0011408738460921923,0.083312409857488917,0.053937727749000484,0.15542036018440078,0.0078726479989744101,0.025019202414828447,0.040341020660830056,1.5524475934112656e-05,2.397600989754862e-06,1.0324653782767431e-07,3.5239034547664585e-07,7.8791327302633122e-08,1.6252549789419973e-05,0.61641554153386502
0.0067021276595744684,-0.7021203288033866,350.4210382800124,1794.0129595007211,0.1758675908092224,9.791117373455481e-05,1.4441902162774725e-06,1.2738787190280109e-06,0.0027959707031147709,0.00014997734044838235,0.013802334325509176,0.00091556948626166285,0.063479672651437932,0.055177000690653857,0.15879881546628724,0.0081477820502596013,0.025173307647679385,0.041208647916544043,3.097309696558344e-05,5.0986035436333134e-06,2.3877195251753941e-07,6.0080307573783766e-07,1.1689601270205874e-07,2.2270479645525678e-05,0.63019099382793842
0.0067553191489361699,-0.75088154057229561,345.39974539100336,1836.887730693556,0.1730466697159343,0.00017813848848098669,3.0855306410722612e-06,1.6951338190892718e-06,0.00333018253727489,0.00016608476272052491,0.013188507977140284,0.00068547876965516165,0.045712985905399871,0.056321735205262145,0.16189478715350977,0.0084841648247819309,0.025089095742124198,0.041946320539707253,6.4239309808056887e-05,1.0905940119691616e-05,5.5191120819198379e-07,1.0779504872469583e-06,1.7113986361412783e-07,2.8767564578487982e-05,0.64289202361341757
0.0067819148936170207,-0.77487805806423671,342.75917742112625,1857.0858083961866,0.1717598468700912,0.00024767393110929905,4.7443981946838358e-06,2.0147471266280711e-06,0.0035642355542385294,0.00017581367406525387,0.012687149721458487,0.00057122577657558549,0.037675075887672015,0.05686465645298186,0.16331563612835936,0.0087019527113229612,0.024906549346559351,0.042243041661871671,9.6327209909148685e-05,1.633830573474641e-05,8.5581048963812705e-07,1.5033646197635216e-06,2.0695909489648068e-07,3.1626621645574696e-05,0.64889337173697037
0.0068085106382978723,-0.79851636910510448,340.03551314200735,1876.2391670717327,0.17056784739720374,0.0003463732651398128,7.4570891042509746e-06,2.4329153903416831e-06,0.0037440703415311679,0.00018661107707995,0.012040280133287565,0.00045995543352519855,0.030304784431508369,0.057386385323841424,0.16462487487313465,0.0089669173786884691,0.0246056396423622,0.042474681204206735,0.00014639487828548353,2.4386616012490773e-05,1.3194686803687915e-06,2.1308748940608513e-06,2.4874710059440941e-07,3.3520420893220847e-05,0.65464153588533358
0.0068351063829787239,-0.82162568352580923,337.23191550065559,1894.0105880463298,0.16949806687767868,0.00048649560312125382,1.2083373279546004e-05,2.9879258512642375e-06,0.0038320689778101901,0.00019829840569986104,0.011232657171475978,0.00035406630402288943,0.023673049916377188,0.057888373255435673,0.16579407535524379,0.0093011910675922429,0.024156999373380707,0.042618356591692996,0.00022562553552123868,3.6080583996532136e-05,2.0100172853242147e-06,3.0688147703539697e-06,2.957739295413591e-07,3.373651116538479e-05,0.66014847944234811
0.0068617021276595747,-0.84395134507660075,334.35104135364065,1909.8985495762217,0.16859189220681958,0.00068211268719702977,2.0272484297376922e-05,3.726641803448505e-06,0.0037854899707196773,0.00021035910506017461,0.010255113145622776,0.00025700769290949358,0.01785626676378237,0.058371405688642082,0.16678219910142725,0.0097376860543487154,0.023528300629226003,0.042639758779974439,0.00035042774431808389,5.2183410488510118e-05,2.9807460578569701e-06,4.4645211282429839e-06,3.4509335652199483e-07,3.1640935489504412e-05,0.66542825880415057
0.0068882978723404254,-0.86513398245692608,331.39491289225299,1923.2034284763311,0.16790741549663968,0.00094647738803667954,3.5266564346056171e-05,4.6990559267259928e-06,0.0035666014883391044,0.00022170043351487062,0.0091099977910557677,0.00017303200139951475,0.012923612841935543,0.058834040668236533,0.16753265878290216,0.010324825408586384,0.022687918131658477,0.042488492178437115,0.00054294008148236925,7.2307996064261071e-05,4.2134406396138726e-06,6.4923499034733338e-06,3.8998625911109641e-07,2.7052367190819388e-05,0.67049728104408524
0.0069148936170212762,-0.88470382075797793,328.36477618042807,1933.0271503841113,0.1675196364484602,0.0012870830035697368,6.332143507876689e-05,5.9452435737246408e-06,0.0031602973525160023,0.00023038218258073228,0.0078183077590115949,0.00010605150463851216,0.0089167252590796209,0.059269581217584445,0.16797290845489279,0.011131883745211095,0.021611131681180402,0.042093613714824694,0.00082915755536374703,9.3691933269354438e-05,5.5364831297714873e-06,9.2963890100142719e-06,4.1920018397393005e-07,2.0589487251011961e-05,0.67537407639804992
0.0069281914893617015,-0.89367160355117181,326.82211276584252,1936.2318093229358,0.16747156796625678,0.0014844537646477812,8.6415004007334007e-05,6.6769095045351115e-06,0.002895447567081742,0.00023270030304026087,0.0071337931328664108,7.9718964946546561e-05,0.0072588972561868168,0.059470938335436097,0.16804393324940475,0.011655221635895512,0.020979530779228515,0.041768269247131298,0.0010169320033223911,0.00010284621253661443,6.1188846440222327e-06,1.1012549176772672e-05,4.2386276070425828e-07,1.7124844064531238e-05,0.67774954549411748
0.0069414893617021269,-0.90201745071019734,325.26071160041204,1938.1582064647073,0.16753228492381753,0.0016972830099409014,0.00011813568487249981,7.4712588542737322e-06,0.0025979184352852352,0.0002330104009641213,0.0064331916654303996,5.8136198805093387e-05,0.0058267143102236707,0.059657424470526813,0.168003426826766,0.012272467330345604,0.02028719772954576,0.041344310191758236,0.0012370060969370785,0.00010983437086223797,6.5712205035575232e-06,1.2887048669638122e-05,4.1951541138761934e-07,1.3736244168069303e-05,0.68008285799012935
0.0069547872340425532,-0.90966488992229677,323.68046710697644,1938.668878566956,0.16771401838329386,0.0019219081414153596,0.00016159780590357755,8.3128318425571329e-06,0.002278637552328724,0.00023065777908627569,0.0057272385543797669,4.1037335489299333e-05,0.0046090475755864013,0.059824190065460553,0.16783960106938844,0.012999602367974941,0.019536716486134802,0.040807782981163755,0.0014909225770656726,0.00011363022544278381,6.8324952301341879e-06,1.4846085154252425e-05,4.0499270710542384e-07,1.0613994472996336e-05,0.68237641908377267
0.0069680851063829785,-0.91654005308408981,322.08121496593003,1937.6344315340452,0.16802877660740861,0.0021534768453640944,0.00022048107822682852,9.1779439799979177e-06,0.0019504500516347187,0.0002250193428545893,0.0050281102807646326,2.7980123181371621e-05,0.0035910762652112175,0.059965062725244558,0.16754110535715092,0.013853828852271915,0.018732437272557991,0.040145213123551349,0.001778712913661753,0.00011345659368957671,6.855888015798515e-06,1.6770604711873576e-05,3.8007263292994424e-07,7.8971402636435775e-06,0.68463250752503013
0.0069813829787234039,-0.92257525651129058,320.46273676154749,1934.9402979361921,0.168487911580094,0.0023861315913728007,0.00029884007757362361,1.0034315416661228e-05,0.0016269561818749638,0.00021560596719398439,0.0043487889292176379,1.8394662851696092e-05,0.0027549557216528992,0.060072521925509693,0.16709745807320278,0.0148530668812905,0.017880584362675957,0.039344900594840214,0.0020984655044342417,0.00010897085296228833,6.6201276882085141e-06,1.8496930091943737e-05,3.4566666852984799e-07,5.6617972201101696e-06,0.68685319983626114
0.0069946808510638302,-0.92771329052101859,318.82477104648683,1930.4954348941469,0.16910151311151,0.0026133625091988777,0.00040066911299328452,1.0843004499981213e-05,0.0013211148196039632,0.00020220455718529242,0.0037021770305910697,1.1645265450894414e-05,0.0020806911362210839,0.060137811152120316,0.16649956709815139,0.016015247367869131,0.016989283579817806,0.038398546951495659,0.0024459376569353369,0.00010040336861731482,6.1375343602029019e-06,1.9831706204454023e-05,3.0387130003630429e-07,3.9208626404485912e-06,0.68904030141474348
0.0070079787234042555,-0.93191246063132605,317.16702688661491,1924.2418465972992,0.16987769946255377,0.0028285088885385973,0.00052923320919278922,1.1563265423738094e-05,0.0010438065420866752,0.00018501921306422531,0.0031000689760582139,7.0954546052082003e-06,0.00154712817106248,0.060151213808238464,0.16574031281604376,0.017357409369917649,0.016068466919014222,0.037303030452520661,0.0028143305094709414,8.8574102504866705e-05,5.4550220784257384e-06,2.0585533878603646e-05,2.5774656620599537e-07,2.6350450918142354e-06,0.69119530495464243
0.0070212765957446809,-0.93515139298732497,315.48920470199403,1916.1640268736917,0.1708218402747174,0.0030253360385566071,0.00068629237903708896,1.2159966203694731e-05,0.00080266664956573329,0.00016474341885692131,0.0025521515660999489,4.1623411458553013e-06,0.0011329431243276076,0.060102492731267686,0.16481513081627167,0.018894662637349138,0.015129599961490787,0.036061963318452996,0.0031943581963115768,7.4750143457760578e-05,4.6459669627553572e-06,2.0617783416810905e-05,2.1081961376094801e-07,1.7315067778299303e-06,0.69331938063483378
0.0070345744680851063,-0.93743275270616278,313.79102017862317,1906.2951987509975,0.1719359429859924,0.0031985857821700031,0.00087141832626618778,1.2611917749954329e-05,0.0006014375521454121,0.00014250997531846087,0.0020652103887223703,2.3544207947485926e-06,0.00081755695874360717,0.059981462381587844,0.16372248901611461,0.020639117540967925,0.014185186053141093,0.034686596732559201,0.00357472644857154,6.0372096079092725e-05,3.7945311436187125e-06,1.9879824321784681e-05,1.6642195841669176e-07,1.1241329797785807e-06,0.69541339949866432
0.0070478723404255317,-0.93878422245537085,312.07223227187046,1894.718271127382,0.173218363715299,0.003344380938686207,0.0010816438262842665,1.2918318019800861e-05,0.00044002568488795931,0.00011970674804106347,0.0016426916061703838,1.2876838639442882e-06,0.00058189076417748036,0.059778625670693086,0.16246414926966393,0.022598934254577145,0.013248056179172447,0.033195685715172618,0.0039430170880698284,4.6745616284753699e-05,2.9780763898048902e-06,1.843576717094781e-05,1.270955804185333e-07,7.3017997024314281e-07,0.69747796951712371
0.0070611702127659579,-0.93925634291604065,310.33266955033287,1881.5596123790147,0.174664035903328,0.0034604077179814568,0.0013115890249488927,1.3100681207589926e-05,0.00031520998811030175,9.7710076905807024e-05,0.0012846814767984063,6.8366059086908227e-07,0.00040892839927203847,0.059485790391789098,0.16104512046897346,0.024777641014150739,0.012330524733309907,0.031614196677173495,0.0042868617788652643,3.480314925726126e-05,2.2531048371590861e-06,1.644969800739695e-05,9.4252769301033113e-08,4.8056664340922112e-07,0.69951347313840795
0.0070744680851063833,-0.93891708218612369,308.57225293673076,1866.9769978569484,0.17626516843332274,0.0035458656533716381,0.0015540385862814654,1.3199547643732632e-05,0.00022176376325016927,7.7636455761308224e-05,0.00098827794161391713,3.5392807179934381e-07,0.00028404693732142299,0.059096576608734963,0.15947330391962286,0.027173847162590647,0.011443560737822999,0.029971087638513104,0.0045951465980725442,2.5011768424663061e-05,1.6496678284079368e-06,1.4144203667622384e-05,6.8187473546417734e-08,3.2352814156775202e-07,0.70152009716579156
0.0070877659574468087,-0.93784471892427956,306.79101058731368,1851.1441503991664,0.17801229191126702,0.003601243684839734,0.0018007917773174519,1.3267752189040695e-05,0.00015363908157810743,6.0195793596750139e-05,0.00074825116271350859,1.790405462817282e-07,0.00019512347186358212,0.058606753124425884,0.15775888556007484,0.029781398962784828,0.010596131662221705,0.028296663432477939,0.004858996288808661,1.7420286757239972e-05,1.1733853773569527e-06,1.1747653158476819e-05,4.834658579346516e-08,2.2354423140708705e-07,0.70349786598845154
0.0071010638297872349,-0.93612037428305606,304.98908442589016,1834.2358852103353,0.1798953690353103,0.0036280186861126309,0.0020435122112309754,1.3364762032041993e-05,0.00010490906079256664,4.5695385511163515e-05,0.00055784520926295978,8.7185842543833963e-08,0.0001324350768822127,0.058014376317993874,0.15591360512555438,0.032589947417759883,0.0097948325863306211,0.026620086205324085,0.0050723414828713325,1.1793108549343054e-05,8.1282182161330631e-07,9.4574246431396071e-06,3.370828685794494e-08,1.5780000942914303e-07,0.70544668842318836
0.0071276595744680857,-0.9309320283642204,301.32385029570514,1797.6866004854692,0.18404983651888884,0.0036020352808475617,0.0024956625028722803,1.383796060191315e-05,4.9249284227886224e-05,2.5511671022345518e-05,0.00030087614555358773,2.4294252920397508e-08,6.2275971532092889e-05,0.056520264130139726,0.15185099346465958,0.038792373631255414,0.0083357709369083662,0.023323139513804398,0.0053401398273139611,5.2513252416462459e-06,3.8079949554257245e-07,5.7345785311486435e-06,1.6513158969377507e-08,8.5570485174415814e-08,0.7092763765980955
0.0071542553191489364,-0.92393762233297672,297.58143614087203,1758.5044436829789,0.18865553350224584,0.0034892536123457443,0.0028617154796156904,1.4821923641087243e-05,2.2590719602775434e-05,1.3598987138044665e-05,0.00015469592812454133,7.2884680615854668e-09,2.89650448869391e-05,0.05464653295991366,0.14741212485174615,0.045606221437249926,0.0070849979407519954,0.020268061535770685,0.0054001474108211914,2.2174768527431624e-06,1.6910199898202739e-07,3.1878491695554136e-06,7.9929137145732066e-09,4.7240063544704814e-08,0.71299063521892503
0.0071808510638297872,-0.91544569696124856,293.76605799946145,1717.3228048636695,0.19368961263236564,0.0033102512742626327,0.0031209300208656699,1.6383107184320327e-05,9.8728077683203343e-06,6.8234229238033481e-06,7.4863952208316947e-05,2.401652658324923e-09,1.3010056781029952e-05,0.052440237308986871,0.14268189479858531,0.052888637937935828,0.0060278649254802133,0.017534213179359891,0.0052837471571165274,8.7033143199189712e-07,6.9811934063078691e-08,1.6154584042892805e-06,3.7578991748800788e-09,2.537092405934583e-08,0.71658868291829514
0.0072340425531914896,-0.89437249422163678,285.93296865046068,1630.009365705663,0.20512558667539982,0.0028035562320718709,0.0033024273125626968,2.1481738236522077e-05,2.2833981397168522e-06,1.9891991879303887e-06,1.9678892341660294e-05,6.7025639741722646e-10,3.5164210227541868e-06,0.047169258900218579,0.13243176672115906,0.068622965204387057,0.0044028166667594206,0.013041079806071998,0.0046470101596987612,1.5840773699038109e-07,1.3659411152298917e-08,4.3671833581827465e-07,1.0972683743881556e-09,8.5340486002891553e-09,0.72352955026108468
0.0072872340425531919,-0.86801199418791308,277.87858313710734,1536.6647554652077,0.21867282016954834,0.0022230740489097333,0.0031003596931662753,2.8526290289846181e-05,5.4056386600965465e-07,5.8596462426025583e-07,5.2242284943681147e-06,2.954235458304664e-10,1.0920707618771103e-06,0.041308171471404469,0.1215919555473149,0.084916450944868591,0.0032725514413966673,0.0097473123359082293,0.0037465628103681738,2.8187967162054013e-08,2.5720639598816832e-09,1.1227747621343099e-07,3.6756076363457944e-10,2.980816245369039e-09,0.73005744590731858
0.0073404255319148935,-0.83586974927226265,269.64463684225569,1436.9243821938535,0.23498046214384338,0.0016483040254657464,0.0026145311841428093,3.7457705904499158e-05,1.3747717806750261e-07,1.8328777926804417e-07,1.4865171729349796e-06,1.7529200469439389e-10,4.0703105992474662e-07,0.035272422800856275,0.11030754584496306,0.10123063580734212,0.0025056070176060555,0.0073688693689629749,0.0027951379724272607,5.1796428761457037e-09,4.9192831263332286e-10,3.0497555550727945e-08,1.4978862785648966e-10,1.1412968330751437e-09,0.736217236323635
0.0073936170212765958,-0.79750880585949724,261.2738255963871,1330.562675009437,0.2549520974900313,0.0011312648955487013,0.0019609859576840711,4.849607206370743e-05,4.0487894674684458e-08,6.5328738361996542e-08,4.9325413011551936e-07,1.3727486981840735e-10,1.8998683814775422e-07,0.029380725589412501,0.098682500929980488,0.11715421384628019,0.002006948669831555,0.0056410732115201841,0.0019400017861240617,1.0642451903391312e-09,1.0339726656252255e-10,9.7608628617091426e-09,8.0697640957015086e-11,5.1653714154372513e-10,0.74205298832093824
0.0074202127659574475,-0.77599987577285057,257.05600039900929,1275.0307014725793,0.2666509836974647,0.00091121576116781188,0.0016262880911714955,5.489487412267172e-05,2.1856421856209827e-08,3.8723714066181071e-08,2.8412562839437945e-07,1.2930160793044929e-10,1.3626186273174185e-07,0.026626819492451746,0.09290594278707151,0.12469271751450456,0.001830858841063959,0.0049597319619414998,0.0015844292621248282,4.722837666172122e-10,4.6500199328345221e-11,5.7367512206287062e-09,6.2139193240427332e-11,3.4965194326249829e-10,0.7448066136501249
0.0074468085106382982,-0.75290983414655632,252.82093799787339,1217.9985464964316,0.27974814470358744,0.00071582902906032117,0.0013021214462096908,6.195819870877756e-05,1.2190926380850269e-08,2.3523996938364389e-08,1.6984050319923344e-07,1.2830544565796187e-10,1.0261356475517399e-07,0.023986761946975306,0.08710360559298902,0.13199917382331036,0.0016915634252194524,0.0043709834296952682,0.0012779525258068785,2.1598452042855756e-10,2.1451234036028807e-11,3.5084537351092445e-09,5.1411077318911376e-11,2.4468114982350295e-10,0.74748973824274656
0.0074999999999999997,-0.70209725645881571,244.31695254665044,1099.9490568604165,0.3111110674202943,0.00039574018770561413,0.00072593723587276995,7.8029489546821058e-05,4.7486142374184112e-09,1.0579480374608448e-08,7.9654230578913833e-08,1.4503805269562812e-10,6.8502471189059291e-08,0.01897644495381241,0.075232336724062807,0.1461268251779585,0.0014924904712454244,0.0033945528432557711,0.00080210131494824234,5.6147938740351593e-11,5.6031557519568441e-12,1.3855861215035824e-09,5.0090895299251397e-11,1.4938395140128542e-10,0.75277537632494507
0.0075531914893617021,-0.64644434147218977,235.84578751081924,979.04207096200332,0.35095996460949674,0.00018322899587267118,0.00034162065682225549,9.4208467735620611e-05,2.0655524990463664e-09,5.3245805582500331e-09,4.56453621092076e-08,1.5327903043398939e-10,5.0263126227597335e-08,0.014550499975792467,0.063576175300429721,0.15899452462525757,0.0013485787547029939,0.0026210550097230246,0.00048121974142200128,1.5933215944856349e-11,1.5923427741461705e-12,4.979547494625702e-10,6.4037622011920154e-11,9.9214902030616538e-11,0.75780878434160837
0.0075797872340425537,-0.61759091948117018,231.6605989017313,918.85513118462359,0.37465871423258285,0.00011466200726286108,0.0002219396394821992,9.9686144634638028e-05,1.3621854977249669e-09,3.8523951662804255e-09,3.5998426993473224e-08,1.4543552436445864e-10,4.3655009505655908e-08,0.012628513339982704,0.058066049401453664,0.16475361614125758,0.0012861346198347154,0.0022987831682203977,0.00036278183950992052,8.3260438519694033e-12,8.3097249954999928e-13,2.7866629055726046e-10,7.4872528199355253e-11,7.8879219373272397e-11,0.76016774824333366
0.0076063829787234045,-0.58840655898407701,227.52450567945419,859.45214004250261,0.4012913302195042,6.6855856918297032e-05,0.00014015071394723032,0.0001016155559000291,8.9710285680830423e-10,2.8501612589330539e-09,2.9102073934460431e-08,1.3047470793104544e-10,3.8075653236878039e-08,0.010866496835887552,0.052693465343188257,0.17016428563762245,0.0012265540303553226,0.00200842812442424,0.00026596614366688868,4.2558197511676226e-12,4.2231717127835518e-13,1.4605490285939907e-10,8.6937715133163469e-11,6.0384110350938545e-11,0.76246611040456891
0.0076329787234042552,-0.55929942172094005,223.45586369064009,801.45377345236375,0.43109778999567494,3.5965643074073063e-05,8.6926221653178126e-05,9.8455188620712275e-05,5.8477018293751865e-10,2.1507931017202465e-09,2.3868154017562409e-08,1.1138224259799773e-10,3.322543055704139e-08,0.0092649966563587063,0.047487247941286066,0.17522085670549248,0.0011685365493077011,0.0017462184032731943,0.00018868304440329453,2.0916528054488979e-12,2.0561444820689875e-13,7.0802002357670851e-11,9.6229692012302273e-11,4.3357086000864369e-11,0.76470205349331455
0.007659574468085106,-0.53070758677790086,219.47576467075061,745.48966876303439,0.46425693385716066,1.7677113429969373e-05,5.3582374321386587e-05,8.9660501897427988e-05,3.7655712123359692e-10,1.6496814803899557e-09,1.9693160569301681e-08,9.1646470391903472e-11,2.8928075768795512e-08,0.0078233163495588613,0.042477568912452378,0.17991622287997164,0.0011114110540308222,0.0015093592527270063,0.00012960421281742033,9.8436619548780408e-13,9.5454479569963018e-14,3.1401893683318094e-11,9.8240930070327266e-11,2.8387068887362951e-11,0.76687154645056199
0.0076861702127659567,-0.50307456010998941,215.60787201429079,692.15910707334945,0.5008534477888151,7.8635582034877263e-06,3.3202730535775148e-05,7.6253952935740439e-05,2.4062030210408152e-10,1.2805564665153467e-09,1.6245747878210719e-08,7.3778378592388805e-11,2.5078980394677572e-08,0.0065394237080660294,0.037695632442617553,0.18424203228326214,0.001054841979578566,0.0012958502221547352,8.6827482719794232e-05,4.4778909413317166e-13,4.263512302272942e-14,1.2633362723391592e-11,9.107101493893405e-11,1.6557454625385743e-11,0.76896802859949054
0.0077127659574468075,-0.47682573502503689,211.87791284527938,641.99619571038352,0.5408397606808893,3.1423307249210023e-06,2.0870644688427637e-05,6.0625293494100079e-05,1.5374020308258093e-10,1.0011923938169933e-09,1.3345206668169474e-08,5.8782089295839944e-11,2.1616811500130875e-08,0.0054098013097769243,0.033172703518260967,0.18819012090490825,0.00099865320639386419,0.0011042937941083497,5.7418833565734901e-05,2.0072824443062731e-13,1.8672468253816515e-14,4.5963543441434154e-12,7.6855226532103178e-11,8.5127208247618812e-12,0.77098233389816195
0.0077393617021276583,-0.45235147985462176,208.31278335310168,595.44711810479066,0.5839915375362001,1.1227987714459579e-06,1.3371262046683443e-05,4.5489143053814418e-05,9.8795276610224512e-11,7.8489711662417112e-10,1.0890749448659704e-08,4.6599702445743226e-11,1.8506685021226543e-08,0.0044292973891262499,0.028938871523101855,0.19175454970142836,0.00094277057206954484,0.00093368685704934315,3.7933861686023815e-05,9.0409503485054652e-14,8.1746802084394593e-15,1.523789696638428e-12,5.9918114285003499e-11,3.8705243513704929e-12,0.77290287649852907
0.0077659574468085099,-0.42999742898928811,204.9392669848265,552.85951207833693,0.6298594729262809,3.4073306083799277e-07,8.7235846704149939e-06,3.2779507465773795e-05,6.3898817933999953e-11,6.1498094349118322e-10,8.8211558166282097e-09,3.6795752412446459e-11,1.5728924890055835e-08,0.0035910080944458029,0.02502178708339322,0.19493348472809569,0.00088722574578553863,0.00078321616174300049,2.5222470418957728e-05,4.1270203523791264e-14,3.6106194221190583e-15,4.5566682379445706e-13,4.4079847157711716e-11,1.5425098294563028e-12,0.77471618657904162
0.0078191489361702123,-0.39237004233541473,198.80738037965978,479.97693549544078,0.7273640408861931,4.4153058009488341e-08,4.1814622470164931e-06,1.6480900182081275e-05,2.8333429071661645e-11,3.6963905689658422e-10,5.5649307532064357e-09,2.2277889142648898e-11,1.0974755683946645e-08,0.0022576104078606352,0.018006847294359123,0.20033062524438858,0.0007745056022644501,0.00053125706406096035,1.2185821827613953e-05,9.9959573337728714e-15,8.0790620373959358e-16,6.1759588551347766e-14,2.0823809853713598e-11,2.959430424374605e-13,0.77806624506862243
0.0078723404255319138,-0.36480223386608934,193.60192611505147,423.15830463049809,0.826753489503077,7.1191603784570576e-09,2.1594079362888975e-06,8.2728525638013813e-06,1.2972771342295561e-11,2.1480242906774663e-10,3.3599942000111022e-09,1.2944786669531004e-11,7.3904077647694153e-09,0.0013545272911978979,0.01245435713315083,0.20433147418664835,0.00066646614125834378,0.00034724909716366215,6.2601803030529472e-06,2.6265901891017989e-15,1.9413994154958301e-16,1.1745248889182375e-14,8.8043146434499888e-12,6.3237931401059274e-14,0.78082921559061336
0.0079255319148936153,-0.34773127378157553,189.38426199548348,381.5279165632324,0.9184313856109898,1.5466040377384535e-09,1.1868047815177043e-06,4.235307403353531e-06,6.1946126106405746e-12,1.2135617978269769e-10,1.9596795466231037e-09,7.2739736622407335e-12,4.8341487137997407e-09,0.00078413068205581966,0.0083265788870979639,0.20712548654525784,0.00056587065180152324,0.0002204057577878531,3.399329714543316e-06,7.4465292491550939e-16,5.040800655141522e-17,2.8934911478440422e-15,3.4072707866478379e-12,1.6012143287142049e-14,0.78296869755541554
0.0079787234042553185,-0.34047652119049149,186.10457362506847,352.90050991202816,0.9940765948353749,4.1220046775880082e-10,6.8556700942107291e-07,2.2332267902310185e-06,3.0935200754564199e-12,6.8013650434773051e-11,1.1284629642572966e-09,4.0474081347856571e-12,3.1133120324170697e-09,0.00044826092179064508,0.0054514281878097022,0.20896166535978164,0.00047513005055751497,0.00013796607461441184,1.9353385440822422e-06,2.2584913301344607e-16,1.4184672113571386e-17,8.2738122739742759e-16,1.2222601464163682e-12,4.5291531306880808e-15,0.78452069054274454
0.0080851063829787233,-0.34714204225833867,181.5147908501647,321.55749082360575,1.092452050576939,5.1589792721315255e-11,2.7820631089667793e-07,7.3478387813862902e-07,9.7602598954506345e-13,2.1493661149219126e-11,3.6709094869571439e-10,1.2431445408245527e-12,1.2427198758140433e-09,0.00014388736784250948,0.0022217442710708141,0.21089256213784499,0.00032390037909082325,5.2345100989427217e-05,7.7008660769648582e-07,3.0520346237268617e-17,1.7342326447716163e-18,9.5380470650859105e-17,1.8705172188231546e-13,6.4836926036057181e-16,0.78636377598106355
0.008191489361702128,-0.37011430217683555,178.56111611748838,308.29360424990256,1.140160252969513,8.4660333034397873e-12,1.1995405080668555e-07,2.4975748803566213e-07,3.2899202746314429e-13,6.4418752814349863e-12,1.1274358914536142e-10,3.5985874354555989e-13,4.7377132333063115e-10,4.3587015566985995e-05,0.00085880008631429789,0.21165744363051761,0.0002157742448910143,1.8954639838330405e-05,3.2716954730758893e-07,4.5106686103311587e-18,2.4400296658047541e-19,1.185645358964343e-17,2.574600783051733e-14,9.1060561760664046e-17,0.78720474289964815
0.0082978723404255328,-0.40141269260274315,176.42924390214375,303.25153443987284,1.1594284487638806,1.6978497780281593e-12,5.4296156131905187e-08,9.0427499853700516e-08,1.1952571779659712e-13,2.021356247416816e-12,3.6153652119404427e-11,1.0935416803465259e-13,1.8525597561099448e-10,1.3804535904228929e-05,0.0003390380868728139,0.21193609258927049,0.00014235667253762623,7.0753806308398665e-06,1.4631117846999296e-07,7.4167563102625957e-19,3.9335620793383467e-20,1.65651670485832e-18,3.226382407583918e-15,1.2266703977642561e-17,0.78756134147458856
0.0085106382978723406,-0.47180371499391571,172.9199100760992,300.58567272511959,1.1699258161388562,1.0583775233166944e-13,1.2869659481102782e-08,1.5213471713549091e-08,2.1076354279245281e-14,2.6883341363610655e-13,4.9283695606619753e-12,1.3877373334813331e-14,3.332181163829021e-11,1.8504475876948661e-06,6.170163152950672e-05,0.21208272390559771,6.066237497776759e-05,1.1911325074138393e-06,3.4127020063853167e-08,3.0726818180168949e-20,1.6110753930401877e-21,5.149414272217497e-20,1.3266289292767469e-16,4.9975940854703821e-19,0.78779180825898865
0.0087234042553191483,-0.54383882489716007,169.66104992177924,300.09668258621161,1.1718946274338606,6.7430025751819559e-15,2.8722584322915397e-09,2.3574130219629213e-09,3.4797806225683791e-15,3.2438428899613591e-14,6.0995515482239359e-13,1.5945531329323128e-15,5.507721922937698e-12,2.2505752920761454e-07,1.0315404865525866e-05,0.21211216008383968,2.4764129986024167e-05,1.8375695959740385e-07,7.4952289538521268e-09,1.1158574704885438e-21,5.8378700161152099e-23,1.3761196111832759e-21,4.6847023003643202e-18,1.6807840244399781e-20,0.78785233883575756
0.0089361702127659579,-0.61518896810921442,166.45081815900505,300.0173548220298,1.1722241382499556,5.286078009101199e-16,6.8375810447506535e-10,3.992228052073954e-10,6.2689374149972125e-16,4.3368787970186996e-15,8.3538573139735906e-14,2.035248911088687e-16,9.9031808510185828e-13,3.0318741144560157e-08,1.8743519650623136e-06,0.21211845184064226,1.025094164127461e-05,3.0974497938104176e-08,1.7583607928472838e-09,4.7148316483031048e-23,2.4670599745113451e-24,4.3571165172356642e-23,1.3215728335233992e-19,4.6042747046757499e-22,0.7878693587300909
0.0093617021276595751,-0.75408126474568193,160.04682554389876,300.00112044960946,1.1722973975632263,7.6267961449647952e-18,6.2107444547486243e-11,2.4001255226648921e-11,4.0734891465647977e-17,1.9967058008505436e-16,3.9522302399050731e-15,8.8954154149304054e-18,6.4069880642467501e-14,1.4079345646941488e-09,1.2276598936553274e-07,0.21212077271508181,1.9599679073287318e-06,1.8583994564217881e-09,1.5693801748330994e-10,2.738759597604978e-25,1.4308158722582326e-26,1.8120727789955031e-25,1.1486080690778082e-21,3.6079029789356184e-24,0.78787714104157258
0.0097872340425531907,-0.88756288393115901,153.64480631715381,300.00006222993437,1.1723033598380221,9.0653426811525039e-20,4.8783665933289443e-12,1.2391829858283866e-12,2.2776478078607614e-18,7.8800365314845322e-18,1.6032136163053833e-16,3.3309572147916912e-19,3.5660899428862215e-15,5.6049829442659974e-11,6.9187780965447104e-09,0.21212114274659855,3.3039535276185835e-07,9.5838017607539384e-11,1.2110276270756623e-11,1.1826338889559331e-27,6.1735424465965194e-29,5.5890943444154048e-28,8.9500216582090249e-24,2.4456153819394582e-26,0.78787851976915124
0.010212765957446808,-1.0155997796989855,147.24292953619866,300.00000304714769,1.1723038994460988,-1.3607745310210986e-21,3.3905909959134734e-13,5.6338730602361974e-14,1.1228480108455566e-19,2.7347973716371534e-19,5.7200615359386413e-18,1.0963885469806066e-20,1.7499567453990738e-16,1.9623412508733365e-12,3.4381534679702874e-10,0.21212120184277072,4.998765287634288e-08,4.3546430274011105e-12,8.2672858023930913e-13,3.9836197749935764e-30,2.0776951363766765e-31,1.3419277509382388e-30,6.5916899074238219e-26,1.5393693948514395e-28,0.78787874781822176
0.010638297872340425,-1.1381886586192982,140.84106231343662,300.00000013400046,1.172303957918637,1.8976399605027122e-21,2.1221433281194794e-14,2.2840852689060235e-15,4.9715332614185978e-21,8.5078956812085858e-21,1.8296428027386811e-19,3.2335535230538507e-22,7.7123638985041265e-18,6.158753178933748e-14,1.5345534532695637e-11,0.21212121071458426,6.8846648064856204e-09,1.7761673936604352e-13,5.0815961989044003e-14,1.0851752316646828e-32,5.6544842720856107e-34,2.602264011368686e-33,4.6943254917318697e-28,9.3066686944939532e-31,0.7878787823850919
0.011063829787234043,-1.2553291867681555,134.4391957834363,300.00000000536926,1.1723039649747518,2.1341861894675448e-22,1.2128043079332208e-15,6.3820282594358111e-17,2.0057564472350802e-22,2.4082226296170012e-22,5.3254011195487243e-21,8.6732446719344013e-24,3.0971265029294934e-19,1.7587419153934632e-15,6.2413355624641109e-13,0.21212121194315159,8.7315592119284587e-10,6.598815280883967e-15,2.8516692397122778e-15,2.4593903719122672e-35,1.2802212923454736e-36,4.1953484162618149e-36,3.2602292764330082e-30,5.471981887664217e-33,0.78787878718305571
0.01148936170212766,-1.3670213241444225,128.03732931163577,300.00000000019821,1.172303965834025,5.5119998964014753e-21,6.4003217113550335e-17,-1.9530267775021312e-17,7.4601799560690204e-24,6.2769457277733193e-24,1.4274122280499596e-22,2.1410862303884813e-25,1.1465895542851287e-20,4.6248681691057602e-17,2.3403047272948521e-14,0.21212121210022886,1.029524363718562e-10,2.25942955363631e-16,1.4775749349738698e-16,4.7446835263235678e-38,2.4672345133208251e-39,7.1925778167907484e-39,2.2141498276545929e-32,3.1076336418684395e-35,0.78787878779679499
0.011914893617021277,-1.4732650653659372,121.63546284527594,300.00000000000659,1.1723039659345156,-9.2392227943641567e-21,3.1481213321200064e-18,-3.4640583183412593e-17,2.5827546146994859e-25,1.521439592926213e-25,3.5581834643376994e-24,4.9119238191734305e-27,3.951074553069359e-22,1.1309926629671912e-18,8.1685142164331638e-16,0.21212121211889373,1.1376775863786151e-11,7.1992529263214851e-18,7.1351491195316686e-18,7.940057958385759e-41,4.1244155586698516e-42,-6.7221630065597242e-41,1.4640472716802914e-34,1.575761178305891e-37,0.78787878786972865
0.012340425531914893,-1.5740604097024231,115.23359637947162,300.00000000000011,1.1723039659456391,-8.0786541298996837e-21,1.4546374298529952e-19,-1.6032960793677766e-17,8.3906760742888112e-27,3.4578496072733521e-27,8.3171520115520227e-26,1.0556543988534634e-28,1.2776112867837852e-23,2.5934166962348563e-20,2.6754968113239923e-17,0.21212121212097032,1.1864308616343978e-12,2.1521286251397184e-19,3.2365406898942942e-19,1.1686352056534302e-43,6.0648847997143851e-45,-1.9275438713074374e-42,9.4587076544488579e-37,2.6847003748426295e-40,0.78787878787784327
0.01276595744680851,-1.6694073570596306,108.83172991375508,300.0,1.1723039659468035,3.7568603744522592e-22,6.3568617322289961e-21,2.0626092495654338e-19,2.5757311763970829e-28,7.4211049599088038e-29,1.835906658698993e-27,2.1396919538171888e-30,3.9036328512035171e-25,5.6156723000109377e-22,8.2806520928368515e-19,0.21212121212118815,1.1746712153289817e-13,6.0780700208645781e-21,1.3884154785268174e-20,1.4549384922201785e-46,7.5773735557628759e-48,-6.8613098696986299e-46,6.1898015172055377e-39,-1.7263959114910424e-41,0.78787878787869436
0.013191489361702127,-1.7593059074261987,102.42986344807922,300.0,1.1723039659469197,2.3708983840796328e-26,2.6428140438772664e-22,4.9076791333672511e-21,7.5163518890851996e-30,1.5132111360575142e-30,3.8504425932098404e-29,4.1129513347289053e-32,1.1338082427805061e-26,1.1553261788444025e-23,2.4363247916818282e-20,0.21212121212120985,1.1100354848797197e-14,1.6315659728941571e-22,5.6659551057163302e-22,-8.0459154022571405e-50,-3.1027363359366015e-51,8.1436964127069661e-51,3.9314154732974867e-41,-6.3996760334828472e-43,0.78787878787877919
0.013617021276595745,-1.8437560608008701,96.027996982436392,300.0,1.1723039659469303,2.179495177335846e-30,1.0506899526558954e-23,1.2597288509716645e-22,2.096113492907699e-31,2.9473551888477013e-32,7.7141122805834506e-31,7.5316361165555871e-34,3.1470902542010996e-28,2.2704588859039667e-25,6.8503596651433866e-22,0.21212121212121191,1.005879312498965e-15,4.1849708798705855e-24,2.2110240841973832e-23,-7.2655824611112736e-51,-3.461779736752563e-52,4.3983570472746884e-54,2.4547978450373629e-43,-1.8644214203358836e-44,0.78787878787878718
0.014042553191489362,-1.9227578171835316,89.626130516822869,300.0,1.1723039659469314,2.0034938057952073e-34,4.0130108116093226e-25,3.1044633102709555e-24,5.6126499193106807e-33,5.5098604460667805e-34,1.4833641015076302e-32,1.3184325317626281e-35,8.3873041998115081e-30,4.2825398810943473e-27,1.8494497253018136e-23,0.21212121212121204,8.7776306623039508e-17,1.0305783281164417e-25,8.2887039312500548e-25,-2.0190962743269649e-52,-9.6415284674454069e-54,3.1292649433082235e-57,1.5123579085002135e-45,-5.056647170219354e-46,0.78787878787878785
0.014468085106382979,-1.996311176574195,83.224264051235636,300.0,1.1723039659469314,1.841662132297829e-38,1.4786239779114887e-26,7.3766303612945611e-26,1.4491196032791158e-34,9.9285402577410117e-36,2.7495143562004984e-34,2.2111904279846421e-37,2.1553465194274658e-31,7.7862606624600319e-29,4.8145923999614139e-25,0.21212121212121204,7.4044619137401179e-18,2.4468887826618699e-27,2.9974956093714848e-26,-5.2713071517968672e-54,-2.5173356094802858e-55,2.0784443281251363e-60,9.2033492018896066e-48,-1.3145296205916641e-47,0.78787878787878785
0.014893617021276596,-2.064416138972879,76.822397585671965,300.0,1.1723039659469314,1.6881509356783902e-42,5.2756524782134698e-28,1.6965326347832756e-27,3.6215239845504606e-36,1.7312295218299158e-37,4.9317047607316512e-36,3.5551437194209163e-39,5.3611909635214882e-33,1.3698832524434405e-30,1.213197345890327e-26,0.21212121212121204,6.0591853442570088e-19,5.6229614055583813e-29,1.0496641471508606e-27,-1.329959813157293e-55,-6.3512947578022337e-57,1.3112340338506412e-63,5.538174390337561e-50,-3.303138114070215e-49,0.78787878787878785
0.015319148936170212,-2.1270727043796027,70.420531120129425,300.0,1.1723039659469314,2.9943937784662926e-46,1.8290625277096436e-29,3.7899078515531783e-29,8.7913678875916272e-38,2.9315173595488241e-39,8.5904119305022032e-38,5.4695606637530652e-41,1.2953352810836399e-34,2.3405021140684477e-32,2.9695103710284928e-28,0.21212121212121204,4.825475310337339e-20,1.2550620062148989e-30,3.5716299719255775e-29,-3.257380466749177e-57,-1.5555788934833152e-58,1.0690638927052496e-66,3.2994745402402252e-52,-8.0587298967336974e-51,0.78787878787878785
0.015744680851063831,-2.1842808727943841,64.018664654605672,300.0,1.1723039659469314,-1.003208731662796e-48,6.1816453864514912e-31,8.250294843740548e-31,2.0797425195519164e-39,4.8364154576171333e-41,1.457909321135397e-39,8.0036724228203932e-43,3.0499314825989132e-36,3.8960974574361724e-34,7.0831966942486219e-30,0.21212121212121204,3.7512130526902409e-21,2.7297846441135364e-32,1.1846698963592108e-30,-7.7707345517030888e-59,-3.7109526216415343e-60,5.5269303422156704e-69,1.9496335761232061e-54,-1.9155901660691592e-52,0.78787878787878785
0.016170212765957447,-2.2360406442172365,57.616798189098709,300.0,1.1723039659469314,-7.079479722614848e-50,2.0426643233242747e-32,1.7554920789210166e-32,4.8090924194653087e-41,7.7978202701164286e-43,2.4180816891747869e-41,1.0980695235104584e-44,7.0193594197335729e-38,6.3382708152357013e-36,1.6514932436085309e-31,0.21212121212121204,2.854472091354287e-22,5.8032391506176243e-34,3.8418321413207778e-32,-1.8111629713416548e-60,-8.649294100936832e-62,8.2497686179284698e-71,1.1472056103526463e-56,-4.4502705925269786e-54,0.78787878787878785
0.016595744680851062,-2.2823520186481745,51.214931723606561,300.0,1.1723039659469314,-2.0305636049895296e-53,6.617928573956874e-34,3.6614175348663119e-34,1.0900538126960211e-42,1.2322062749149581e-44,3.9307614845223566e-43,1.3648760384890721e-46,1.583562937906463e-39,1.0105872725047106e-37,3.7744857853672432e-33,0.21212121212121204,2.131809697104948e-23,1.2092753609109745e-35,1.2215333383899606e-33,-4.136256625762932e-62,-1.9752879994124805e-63,1.3001603036357622e-72,6.8066598473584356e-59,-1.0133811138678901e-55,0.78787878787878785
0.017021276595744681,-2.3232149960872106,44.813065258127338,300.0,1.1723039659469314,5.350461199264897e-53,2.1077921791927717e-35,7.5055895079913512e-36,2.4284369100554177e-44,1.9134936644439569e-46,6.2794247226346146e-45,1.3923267523004066e-48,3.5112886848179716e-41,1.5834762112006529e-39,8.4788069946204501e-35,0.21212121212121204,1.5664865682629568e-24,2.4766123363980292e-37,3.8181021114936343e-35,-9.2809743628636836e-64,-4.4321694389348871e-65,2.0188447907895489e-74,4.2449299082059779e-61,-2.2680009933705372e-57,0.78787878787878785
0.017446808510638297,-2.3586295765343537,38.41119879265942,300.0,1.1723039659469314,-1.8673995773607729e-55,6.6161845043248907e-37,1.516048699210685e-37,5.3309692222665374e-46,2.9276522851609176e-48,9.8836032163174338e-47,6.7685393999587412e-51,7.6718055204476482e-43,2.4445515181888287e-41,1.8767816428263658e-36,0.21212121212121204,1.1352680327057553e-25,4.9977866325085672e-39,1.1761407382911479e-36,-2.0513448259970656e-65,-9.7962825195235765e-67,3.0888313841774174e-76,3.1277269947241132e-63,-5.0017271253245158e-59,0.78787878787878785
0.017872340425531916,-2.3885957599896135,32.009332327201065,300.0,1.1723039659469314,-2.2539072219344732e-57,2.0516807290262616e-38,3.0247914981463964e-39,1.1559685884987844e-47,4.4241424781209769e-50,1.536493631387194e-48,-1.9232385568571664e-52,1.6557264884085961e-44,3.7273905094729454e-43,4.1035009785255781e-38,0.21212121212121204,8.133192276709868e-27,9.9619978829142964e-41,3.5792296310949985e-38,-4.4773112686406336e-67,-2.1381579548990262e-68,4.6677090546325906e-78,3.2792175009881782e-65,-1.0896249336894324e-60,0.78787878787878785
0.018297872340425531,-2.4131135464529976,25.607465861750786,300.0,1.1723039659469314,1.6279955950582907e-59,6.3000789401475122e-40,5.9752388876986202e-41,2.4818125627310033e-49,6.6189034207833921e-52,2.3648082113006337e-50,-8.9130983955469863e-54,3.5380358046671326e-46,5.6267636215073659e-45,8.883404506536684e-40,0.21212121212121204,5.7727032134882621e-28,1.9660239487762717e-42,1.0785758896370231e-39,-9.6730812223967544e-69,-4.6194174866219164e-70,6.9833003234805138e-80,5.0583668475837595e-67,-2.3504407734062362e-62,0.78787878787878785
0.01872340425531915,-2.4321829359245117,19.205599396306965,300.0,1.1723039659469314,-2.6270031769558095e-58,1.919990814895863e-41,1.171349506608908e-42,5.2877156464154854e-51,9.8263106515620803e-54,3.6116901746126209e-52,-2.5697163591293033e-55,7.5025968702111802e-48,8.4286991040950549e-47,1.9084520499943358e-41,0.21212121212121204,4.068102496789248e-29,3.8503456999043208e-44,3.2257170274117145e-41,-2.0734130212815747e-70,-9.9016620622473955e-72,1.036728811725506e-81,9.6514047159138457e-69,-5.0320038401068892e-64,0.78787878787878785
0.019148936170212766,-2.4458039284041604,12.803732930868229,300.0,1.1723039659469314,-3.0180468549975745e-55,5.820100498557438e-43,2.2837728191707709e-44,1.1205060711003949e-52,1.4508415874907102e-55,5.4859464114658672e-54,-6.3834277657263005e-57,1.5823686476524683e-49,1.2557059319739436e-48,4.0778436599161621e-43,0.21212121212121204,2.8524527013547511e-30,7.4998367041745716e-46,9.5957308601484512e-43,-4.4193705329111422e-72,-2.1104866486950155e-73,1.5307161916347685e-83,1.9804167916930008e-70,-1.071578679817542e-65,0.78787878787878785
0.019574468085106381,-2.4539765238919484,6.4018664654330664,300.0,1.1723039659469314,-3.4731650472401227e-52,1.7586756511721952e-44,4.4340640125930311e-46,2.3668028398998979e-54,2.1351886728157642e-57,8.3057796772961937e-56,-1.4682410556586141e-58,3.3266386764958529e-51,1.8646718567880282e-50,8.6852498587847378e-45,0.21212121212121204,1.9941733491889309e-31,1.4561359990582706e-47,2.8454595248343123e-44,-9.3865472714083464e-74,-4.4825780749265559e-75,2.2527393413221114e-85,4.1346949478129537e-72,-2.269135551659582e-67,0.78787878787878785
0.02,-2.4567007223878772,0.0,300.0,1.1723039659469314,-2.3343466965956973e-53,5.3086989199133927e-46,8.6105711532946709e-48,4.9937543357419131e-56,3.1389524500786317e-59,1.2561510785636709e-57,-2.0455338740887352e-60,6.9862123590999739e-53,2.7659812664104241e-52,1.8478769724237605e-46,0.21212121212121204,1.3928055973243783e-32,2.8241563771275161e-49,8.4289354295658646e-46,-2.0256945386988241e-75,-9.6737742463913308e-77,3.3393989107685566e-87,6.0329796583634854e-74,-3.1876710758703522e-69,0.78787878787878785
