z (m),u (m/s),V (1/s),T (K),rho (kg/m3),H2,H,O,O2,OH,H2O,HO2,CH2,CH2(S),CH3,CH4,CO,CO2,HCO,CH2O,CH2OH,N2
0.0,0.73654784146773022,-9.8108713922971938e-19,300.0,0.6516888285810418,2.6200145587672279e-08,2.5984151519049011e-16,-4.3914879227175297e-17,3.0942450825966436e-13,-6.3359793833519145e-16,3.0113759657862827e-11,5.7911793258400601e-19,4.5525166875233251e-16,-3.6252469241021192e-16,2.7064624061353863e-13,0.99999997368757187,6.4704416039209623e-12,7.8115795967840515e-13,6.6552584835680767e-23,3.0307124909460016e-16,-7.5231164046350567e-16,7.4337911289157476e-11
0.00086956521739130438,0.71809415038612823,21.221936320140728,300.0000088022656,0.6516886811859051,2.5348112430151632e-07,3.5623500342852529e-16,-3.8476023659165686e-17,9.0779437643207757e-12,-2.7752873114495723e-18,8.8576842913392708e-10,1.709216610953126e-17,4.506350500030496e-16,-1.837008250807242e-22,7.7981164506710954e-12,0.99999974319486262,1.9293755014895093e-10,2.9943294575764885e-11,2.6897475915185148e-21,1.218133741545398e-14,-7.5230718021242832e-16,2.1984757471985175e-09
0.0017391304347826088,0.66273437250875733,42.443896009599662,300.00023991595344,0.6516869901640964,2.4029776689240155e-06,1.0040363411680246e-15,-3.3276903960000903e-17,2.6041768363719817e-10,-3.0613962556060357e-20,2.5444901539770871e-08,4.9280060857507338e-16,4.4659079753233411e-16,-8.7874243598720061e-29,2.1947938279046139e-10,0.99999750086039796,5.6194323666267747e-09,1.1198335710612285e-09,9.6407910501211817e-20,4.7786239870757817e-13,-7.5218791436481579e-16,6.3497389583774946e-08
0.0026086956521739132,0.57048568094189278,63.666419841531422,300.00585787084316,0.6516649687163713,2.1329740351866061e-05,5.0316157433133991e-15,-2.7073685202799817e-17,6.9285932363842231e-09,-1.5143645051225176e-20,6.7787732752882006e-07,1.3176904921513943e-14,4.6572528181140069e-16,1.4611915138652728e-28,5.7284766947583598e-09,0.99997608834523688,1.5177946233335448e-07,3.8795636548504101e-08,3.2102858859504667e-18,1.7362617046622129e-11,-7.4935388235192374e-16,1.7007875344070863e-06
0.0034782608695652175,0.44154831078906492,84.900206234958361,300.12414368121262,0.6513475915328565,0.00016735875413392281,2.7675332327996897e-14,-1.2549973868765419e-17,1.6007604096997091e-07,7.7348088923374878e-20,1.5681360137060657e-05,3.0601426216782364e-13,1.0216415338837148e-15,8.3922563009301891e-26,1.2985614315857765e-07,0.99977238768133192,3.5594436918560572e-06,1.1646398741723492e-06,8.9941255997552415e-17,5.4645866687306027e-10,-6.9924223589368621e-16,3.9557641854184508e-05
0.0039130434782608699,0.36410972516017026,95.585372971768365,300.87011899813746,0.6496883404034326,0.00052407362881782334,8.1731113366500312e-14,-2.7571106734089762e-18,1.2102010918339341e-06,4.15095255907163e-18,0.00011865545004983986,2.3421482147491904e-12,4.8916550566024262e-15,6.9313710026458199e-24,9.6532289738456232e-07,0.99901581851302246,2.7269104571723645e-05,1.1136730936709396e-05,7.1803071299345855e-16,5.4547704755447273e-09,-5.4557362131200451e-16,0.00030086559141297847
0.0043478260869565218,0.28164320086993894,106.74187612564612,306.30826499579405,0.6387922734204429,0.0016235890000922458,3.2866103424220942e-13,-7.891417971423644e-20,9.4463611332111503e-06,2.5282810791727759e-16,0.00092526038700326484,1.9109163481163331e-11,3.6607112344211136e-14,1.5566808049431569e-21,7.4016931749223331e-06,0.99474269132764992,0.00021583196964843136,0.00011078581112298139,6.8614142530113925e-15,5.6671892707739423e-08,-1.4348708893490958e-16,0.0023649367588006909
0.0045652173913043482,0.24307477203549513,113.24998993360948,318.47314030380596,0.6167051768406143,0.002791331781735617,1.2513964028687832e-12,9.1198287094321206e-20,2.8978016478537985e-05,3.0022365373903344e-15,0.0028248365328457071,7.5201527021995811e-11,1.5391323393009229e-13,5.2250849805085983e-20,2.2402986641980562e-05,0.98595412207223865,0.00066889715955029171,0.0004054418823774261,3.90275394028322e-14,2.1391388728593975e-07,1.7333224717051421e-16,0.0073037755775953207
0.0047826086956521737,0.21197332953589179,121.89433062865803,351.96228643877885,0.5649401358902912,0.0045477560140338219,1.2006286602335455e-11,2.3318160471107533e-18,8.4205200100404451e-05,4.5336914301790565e-14,0.0080912398080039451,3.4326038820770991e-10,8.2609794483317858e-13,2.7244027785288258e-18,6.4095623366627565e-05,0.96237285911813919,0.001965591480855163,0.001408819676735811,4.0619077647919417e-13,7.6366018923168553e-07,2.8285400536090426e-15,0.02146466906202861
0.0050000000000000001,0.18761714867839713,134.18248774598993,423.19658245236769,0.4833403373458859,0.0067439082317713355,2.7498002384300415e-10,1.9821248316566318e-16,0.00020239699032249811,7.9197945589923807e-13,0.018885975571321559,1.8973416762900879e-09,6.9330783525753917e-12,2.2700301593537406e-16,0.00015157135276754565,0.91275538442357151,0.004775606190916647,0.0039289413508114606,7.4542280089368871e-12,2.1596544611377307e-06,6.5822644772489941e-14,0.052554054046489156
0.0052173913043478265,0.15930023617861344,150.02392426357591,537.27615808492033,0.3990526700774944,0.0090788869570709776,7.0044528619515958e-09,2.6602149168367681e-14,0.00039238649333082665,1.3289740651746371e-11,0.03511642671350413,1.11272516764719e-08,8.8142997137348956e-11,2.1886497193817661e-14,0.00028940375885163228,0.83263554633150694,0.0093478769770201555,0.0085225343524920703,1.3880328846096458e-10,4.683356640011126e-06,1.7302330904882772e-12,0.10461223668586399
0.005434782608695652,0.11581416461448935,166.89904446971943,685.33219855081495,0.33238437517871905,0.011331714763806228,9.9401963657445232e-08,2.4458928726564582e-12,0.00063523925561979541,2.476469834511643e-10,0.05437409470455442,5.129721517348979e-08,1.0275460136463096e-09,1.0231514724503848e-12,0.00046736664315597025,0.72831804685072488,0.015251270828712127,0.014939070346659233,1.4404202960629821e-09,8.13052781422904e-06,2.6768511547340686e-11,0.17467491263392332
0.0056521739130434784,0.053640044379481194,181.49232577471835,856.07771908972268,0.28395879982363764,0.013411703751845503,5.4813783843049362e-07,5.547455652641907e-11,0.00089941744207159766,3.6591149389583044e-09,0.074017997416642306,1.3450418487206473e-07,7.2701185191224236e-09,2.1231929884644875e-11,0.00070456415693857897,0.61220570759009441,0.02171112092294173,0.022304406423129256,5.2904380275048269e-09,1.2006496066145965e-05,1.7595530343884981e-10,0.25473237668591386
0.0058695652173913048,-0.025455804922692494,191.60180913863252,1039.5593142500634,0.24869228048159167,0.015316076477611852,1.5367998317549096e-06,3.9139654075852928e-10,0.0011588432527043953,3.4767061198670399e-08,0.092424352068828014,2.0866539550317325e-07,3.8859246445282179e-08,2.611227419083331e-10,0.001078378318396747,0.49641283724048485,0.028050725188213773,0.02969375730684963,1.0046978231102709e-08,1.6084463039315848e-05,8.4594297145498565e-10,0.33584711504689624
0.0060869565217391303,-0.11785274720571921,196.80139563339284,1227.4750936660962,0.2223174476142793,0.017072532221569785,3.4764773684931482e-06,1.7252928499919712e-09,0.001400833253396271,2.2421146718557568e-07,0.10900445392884578,2.597635277352493e-07,1.7425865411122079e-07,2.1724252982088288e-09,0.0016439156365835462,0.38890904532714859,0.033890377701526461,0.0365214475452669,1.8157632242673455e-08,2.1116109452133669e-05,3.3087394061291777e-09,0.41153211820110325
0.0063043478260869567,-0.21938815893632699,197.86838164399902,1410.8663044991797,0.20248025719373544,0.018711972782170523,7.4892588179589696e-06,6.4200931773049761e-09,0.0016263735699171651,1.0679615975327144e-06,0.12377046753500875,3.0644623319341371e-07,6.6985056854055989e-07,1.3125168166845687e-08,0.0024202510787270908,0.29272172094250115,0.039113986157499656,0.042591578607260684,3.6632760776240571e-08,2.950676936529466e-05,1.0557993048515391e-08,0.47900454230431722
0.0065217391304347831,-0.32600609695386368,195.65244121547718,1583.0948509972916,0.18743033685908403,0.020252377979785709,1.6312737130507227e-05,2.311941319798424e-08,0.0018481148577720746,4.146664857518703e-06,0.13682844857896354,3.8300283544813182e-07,2.3205851734784976e-06,6.3451442453532044e-08,0.003428734625116496,0.20873206450905304,0.043678438219232917,0.04785469570646305,8.4629575383737839e-08,4.6211743259641742e-05,3.2923382280803875e-08,0.53730754666654335
0.0067391304347826086,-0.43405969995687915,190.88212568245714,1739.3712025255506,0.17595985917003432,0.021677194869858092,3.7543399977383831e-05,8.8907001768273965e-08,0.002102483667558744,1.438558670149193e-05,0.14828476739121818,5.2595931118927737e-07,7.6467632610548901e-06,2.6823723326221545e-07,0.0046702335135101105,0.13671563583830801,0.047528911583636112,0.052335472099132779,2.2276222242158564e-07,8.0874985561163278e-05,1.0568273825893855e-07,0.58654363875277005
0.006956521739130435,-0.5405653323854237,184.13402412978704,1877.3123676622929,0.16717818748089472,0.022833997420391855,9.4051212869283369e-05,4.0118287197776992e-07,0.0024939818117770763,4.8418125379408275e-05,0.15820123891596699,8.0909172284956648e-07,2.4308796497010167e-05,1.0320767835147046e-06,0.0058913777373955957,0.076259028376346405,0.050453795320715165,0.056131504476361088,6.5353800528600753e-07,0.00015276266341143559,3.4434105541113183e-07,0.62741229491244976
0.0070652173913043487,-0.59220442003265616,180.14678502508221,1938.7220720751666,0.16366211473310946,0.023120114161514247,0.00016311917607990482,1.0201993243232986e-06,0.0028832286507065046,9.4342857550431855e-05,0.16260844525671764,1.1315830295984487e-06,4.4678958151638043e-05,2.0532338290580953e-06,0.0063042747891555936,0.050142686066674269,0.051245620861434686,0.057900151461859679,1.2401222101530924e-06,0.00021966312104733152,6.4895105040534872e-07,0.64526758054966449
0.0071195652173913051,-0.61728169736223271,178.01464313119521,1966.8299438276651,0.1621504980052763,0.023111703046989316,0.00023090032203106805,1.8309871267881527e-06,0.003181490947430224,0.00013981591553143926,0.16462907855218356,1.4124602092477084e-06,6.3306464427318821e-05,3.0176846610012359e-06,0.0064040191210767219,0.038281265853836705,0.051337122977160587,0.058783752090277468,1.8217581167731854e-06,0.00026613689379015456,9.3416866627148765e-07,0.65356239075648537
0.0071739130434782614,-0.64160347224713843,175.79562049427514,1992.5489192534294,0.1608439143303325,0.022934329919977046,0.00034905821798310679,3.6647121545278998e-06,0.003586831641852248,0.00022042053699659206,0.16647713752663118,1.8197225784966858e-06,9.270984755838438e-05,4.5826320561006608e-06,0.0063380844442319003,0.027424559425769574,0.051136515270310059,0.0596855170242553,2.833339670599589e-06,0.00032189097118987312,1.3950208983094266e-06,0.66141864974588671
0.0072010869565217392,-0.65328704750581523,174.65484280948846,2004.0298907097294,0.16030809990572917,0.022735706331554601,0.00044711292526305768,5.6219853392428621e-06,0.0038596964319768815,0.00028857149394748762,0.16731054777071688,2.0941514701499169e-06,0.00011399001891206673,5.745685144330061e-06,0.0061804261563457221,0.022452576749237493,0.050865105283419317,0.060160950412369761,3.656221413158539e-06,0.0003526006629790748,1.7394835172607962e-06,0.66521385823639345
0.0072282608695652178,-0.66454670843683949,173.49355839481208,2014.3172040768025,0.1598710018911011,0.022437855994964787,0.00058242691764044045,9.0242911723923074e-06,0.0041954730786488426,0.00038625854641357677,0.16806145164832825,2.4189455700898195e-06,0.00013966933624521665,7.1857998712114973e-06,0.0059000059702144269,0.017860454640969432,0.050447746941651134,0.060659406650720851,4.7944634850070727e-06,0.0003837522337965056,2.1674116910033589e-06,0.66891990712861693
0.0072554347826086964,-0.67523665155516177,172.31211932538,2023.0373134262443,0.1595627178935702,0.022008776835668164,0.00076784721080986489,1.5272985196517739e-05,0.0046182294490618222,0.00052800260380480289,0.16870255249785013,2.7946704313139304e-06,0.00016831771304717994,8.8515221926597395e-06,0.0054590089864740713,0.013719213704869013,0.049840446463639325,0.06119029393919849,6.3553489024577066e-06,0.0004131112089017998,2.6664045828992656e-06,0.67254825845536947
0.0072826086956521742,-0.68516398654371102,171.11071790738558,2029.6909772742683,0.15942316085164954,0.021412257582573282,0.0010155943931644215,2.724430074375264e-05,0.0051624021824819887,0.00073305332959784815,0.16919594697213788,3.2164808039540771e-06,0.00019577162772435258,1.0537180935381865e-05,0.0048329489209830712,0.010103323899555877,0.048984634209274062,0.061763114874378529,8.42653245756295e-06,0.00043716806100643649,3.1794617945100747e-06,0.67611117999038706
0.007309782608695652,-0.69408399533020348,169.88934249476992,2033.636310752667,0.15950323396883861,0.020612498707170461,0.0013332724731195367,5.0748801791821192e-05,0.0058760064879288636,0.0010251448008503417,0.1694910955468491,3.6726547159140961e-06,0.00021471648808771296,1.1835214431466325e-05,0.0040283110160842812,0.0070763442755295862,0.047806556049032813,0.062384104326348333,1.1004416310168852e-05,0.0004508186827960066,3.590561885648112e-06,0.67962027949706794
0.0073233695652173917,-0.69805601026715036,169.27111392557234,2034.2970234806005,0.15964907162938916,0.020125935525760499,0.0015174575868887044,7.0833821637360245e-05,0.0063212268524110542,0.0012135288691080554,0.16954012435059132,3.9062437174312042e-06,0.00021787858753712812,1.216862836709697e-05,0.0035782911951563919,0.0057975918184785327,0.047063585903481031,0.062711782961855311,1.2422691817786422e-05,0.00045134757427508468,3.7089376197429118e-06,0.68135820845129758
0.0073369565217391306,-0.70166187766239385,168.64770791559914,2033.9724079936941,0.1598740180998201,0.019580223938043637,0.0017165329834236253,9.9007190082065196e-05,0.0068348699956303988,0.0014335068511546979,0.16951352869321251,4.137315405763768e-06,0.00021564179178176139,1.2201177742275378e-05,0.0031089168474316966,0.0046764527965953567,0.046207811365446168,0.063048632006228345,1.3848516635884119e-05,0.00044634253227553904,3.7413456836656649e-06,0.68308460465322651
0.0073505434782608695,-0.70486140913350381,168.01904417682292,2032.5518663656678,0.16018684666002367,0.018975593784504901,0.0019274239636451955,0.00013832313133687861,0.0074274614753982553,0.0016877297522511134,0.16940109908993253,4.3580637713302097e-06,0.0002073142885691655,1.1882478800677653e-05,0.0026350156036038766,0.0037099867504017487,0.045229872882224242,0.06339108981207868,1.5180099283618384e-05,0.00043455499867601366,3.6705825315810306e-06,0.68479944324299014
0.0073641304347826092,-0.70761686694708492,167.38502301706731,2029.9309668174003,0.1605960122537029,0.018314371395244271,0.0021459371000401507,0.00019234982963606544,0.0081101869664576953,0.0019775914025109169,0.16919258261537007,4.5590001881437196e-06,0.00019284267030895199,1.1195528757078737e-05,0.0021729706128690569,0.0028920309976607972,0.044122590298774113,0.063733879419120218,1.6283877095317152e-05,0.00041494233260186864,3.4890356972153176e-06,0.68650219691766801
0.0073777173913043481,-0.70989632534790337,166.74552723341387,2026.0211776519657,0.16110899814272617,0.01760129397675993,0.0023669265503308283,0.00026490098005758011,0.0088945085864515095,0.0023025920419430437,0.16887828482693046,4.729420792091998e-06,0.00017291984142493629,1.0166408684167082e-05,0.0017391436891282012,0.0022133646611833722,0.042882285521906725,0.064069869131695323,1.7004657324695765e-05,0.00038694541235553668,3.2012775487381588e-06,0.68819186301548285
0.007391304347826087,-0.71167771658779999,166.10042646716485,2020.7621403634068,0.16173147100515206,0.016843646895503359,0.0025846477896513389,0.0003595130660796391,0.0097916368820985516,0.0026597073742322896,0.16844987743202827,4.8588145156272781e-06,0.00014896962358360236,8.8669224391087865e-06,0.0013479780185629963,0.0016620883321215286,0.041510175145473567,0.064390120823321517,1.7190808583277536e-05,0.00035082618831538839,2.8254599036343055e-06,0.68986707042358653
0.0074048913043478258,-0.71295300686455221,165.44958398796933,2014.1341846965506,0.16246638367528862,0.016051135929702066,0.0027932680456840336,0.00047873268377610908,0.010811876294502133,0.0030429738702285633,0.16790129096196249,4.9393623097629065e-06,0.00012295756718265784,7.4065428307221717e-06,0.0010101440685422111,0.0012242111055427536,0.040013574287799551,0.064684177196588852,1.6733787527920006e-05,0.00030792938043486045,2.3918172776165693e-06,0.69152625709810767
0.0074184782608695647,-0.71373132167421305,164.79286589772911,2006.1676500729607,0.16331324455858232,0.015235433149256778,0.0029874367497685962,0.00062340384496172637,0.011963909098697911,0.0034435210218843569,0.16722948898764084,4.9690535712316413e-06,9.7043498534202634e-05,5.9132927483554965e-06,0.00073121663709900921,0.00088440845740173058,0.038406540012822309,0.064940598281118991,1.5609763722512443e-05,0.00026069292814538713,1.9377947894487792e-06,0.69316787742783659
0.0074320652173913045,-0.71403981115097914,164.13015178088881,1996.9452086429696,0.16426782077954388,0.01440939972946328,0.0031627817467479672,0.00079220691623750682,0.013254123385167307,0.0038501904893731122,0.16643490368469213,4.9542870359653074e-06,7.3168265058997281e-05,4.5084641398676385e-06,0.00051128822191544169,0.00062688618555626924,0.036709596458148502,0.065147696989030252,1.3903926489989031e-05,0.00021230691452638178,1.5008589888007049e-06,0.69479058347742828
0.0074456521739130433,-0.71392149695800922,163.46134519172134,1986.5950239584827,0.1653224589416833,0.013586081895502007,0.0033162102618139113,0.0009816497026975035,0.014686111286127112,0.0042506889185071157,0.16552138416621465,4.9105420368770351e-06,5.2710352060474335e-05,3.2836284781071293e-06,0.00034564977974233159,0.00043625346754129051,0.034948373933482178,0.065294362451693316,1.1800537023539176e-05,0.00016608534045310999,1.1112940276439868e-06,0.69639333244259882
0.0074592391304347822,-0.71343033063246097,162.78638211757047,1975.2756964887833,0.16646701277283873,0.012777657910252002,0.0034459638884830677,0.0011865395150249965,0.01626044238862831,0.004633008794946763,0.16449566065001234,4.8602715626267517e-06,3.6323573570872592e-05,2.2878236658466371e-06,0.00022629725917732487,0.00029828983553911384,0.03315133240095388,0.0653708265333246,9.5378418698430863e-06,0.00012477832963967258,7.8746213565922441e-07,0.69797540552121307
0.007472826086956522,-0.71262470929492461,162.1052359523851,1963.1569964049661,0.16769014846463906,0.011994540768528843,0.0035514668368975704,0.0014007671395460002,0.017974754742987889,0.0049867409354283441,0.16336648584549135,4.8284923490554973e-06,2.3984365250471333e-05,1.5279420587032886e-06,0.00014375320516708096,0.00020050391341777031,0.03134706981915563,0.06536924225027714,7.3465450751434044e-06,9.0091667431323712e-05,5.3485496578232266e-07,0.6995363606759718
0.0074864130434782608,-0.71156117425380272,161.41791842891413,1950.40163905025,0.1689806762103617,0.011244794610660795,0.0036330659200690197,0.0016181264633048529,0.019824127040760378,0.0053039593416252181,0.16214369668242953,4.8379135594835419e-06,1.5188633519300088e-05,9.7935409560748602e-07,8.8668663709604934e-05,0.00013242777669793281,0.029561852999272269,0.065283998584318909,5.3990107138019281e-06,6.2567143825078474e-05,3.4851765344050775e-07,0.70107596134378491
0.0074999999999999997,-0.71028974267560041,160.72447699266033,1937.1523005671638,0.17032858846642543,0.010533924522990876,0.0036917650292755295,0.0018329221237806319,0.021801636644641242,0.0055795428474429715,0.16083741191762974,4.9061484966912959e-06,9.1964050250040527e-06,6.0048412801947099e-07,5.2864497002787891e-05,8.5651637864079031e-05,0.027817876642633799,0.065111768268392239,3.7901572763565303e-06,4.1806381721832656e-05,2.1729235692286959e-07,0.70259411899934121
0.0075271739130434783,-0.70723946211370337,159.31948860352597,1909.5214329122789,0.17317514241731913,0.0092334621737319399,0.0037449590486717675,0.0022414769784040367,0.026127607159358676,0.0060001644729687506,0.15799547533227346,5.2606028323090927e-06,3.2701136528620722e-06,2.204296567586076e-07,1.8931926055476594e-05,3.6029255808202817e-05,0.024493982165320168,0.064503238716907094,1.7446649146200762e-06,1.7721886412906074e-05,8.1876510391056485e-08,0.70557637319652056
0.007554347826086957,-0.70371492374661926,157.89147693502522,1880.9270335632223,0.17618205560518366,0.0081018819734939695,0.0037248219914493372,0.0025988221487702637,0.030857371354199543,0.0062504305996379812,0.15492508974475366,5.8442764096182523e-06,9.8937749582333932e-07,6.9347232097214858e-08,5.9999553318593615e-06,1.3802922164176415e-05,0.021477500736435774,0.063555838512392507,6.8758949426287646e-07,6.4966590113919218e-06,2.6325073359822858e-08,0.70847432648665432
0.0076086956521739134,-0.69546121502942371,154.97019748139348,1821.5844137537363,0.18265889503702956,0.0062810036868180125,0.0035059491804662717,0.0031270458423635216,0.041368312465598571,0.0063108372526055221,0.14821546776491182,7.5316363370065366e-06,1.2543854303758282e-07,9.4249042949407327e-09,8.7377931378687003e-07,2.6787685462400014e-06,0.016385524308896022,0.060728077692215415,1.4395518786165666e-07,1.1405185236261715e-06,3.6313775709555583e-09,0.71406527465339142
0.0076630434782608697,-0.68559309722270745,151.971778583885,1759.4847918955284,0.1898186553016706,0.0048982913264958234,0.0031477023351626911,0.0034040033711949325,0.052714253900342803,0.0059630608785834951,0.14107320405645446,9.4978411588452249e-06,1.5617009064960128e-08,1.2597538731298283e-09,1.3209838330468938e-07,5.3439233247127362e-07,0.012450674818557017,0.056985349137204599,3.8571660771721263e-08,1.9986793374014784e-07,4.7905497070525256e-10,0.71935304004871714
0.007717391304347827,-0.67385138441710501,148.90450960747279,1694.2369391506882,0.19782862199835555,0.0038248493926608482,0.0027226856010439584,0.0034549786639711949,0.064544823752100119,0.0053575141292505441,0.13363508466550536,1.1631972830781144e-05,2.0525931225664317e-09,1.7651059898800545e-10,2.1726867519119733e-08,1.1384453964470014e-07,0.0094559867327783046,0.052628168559930438,1.6787303249260347e-08,3.7101983202807681e-08,6.44882776375585e-11,0.72436408477564274
0.0077717391304347834,-0.65996328939400928,145.77623179567848,1625.4329571945884,0.20690127531640035,0.0029817227517668406,0.00227889003214061,0.0033154872230534414,0.076606494019016896,0.0046064899564084282,0.12596111110234393,1.3921253259308035e-05,2.9444218140605552e-10,2.6660333974540515e-11,3.9772067515172531e-09,2.6707080583308215e-08,0.0072019020474726452,0.047909749175482491,1.0280870702168947e-08,7.5827497292176906e-09,9.153406791230644e-12,0.7291241835608917
0.0078260869565217397,-0.64369604381709344,142.59446444492053,1552.7668709711072,0.21729261862592847,0.0023218388509176767,0.0018470249364063876,0.0030244639512809249,0.088708115709321522,0.0037963016703549254,0.11807431308033095,1.6400712219578082e-05,4.6778947886431268e-11,4.4032930154694609e-12,8.2277512769454955e-10,7.0832436293438686e-09,0.0055214649449843809,0.043032539671155862,7.0850733232934793e-09,1.7505737745887482e-09,1.3958445060280381e-12,0.7336575196787839
0.0078804347826086953,-0.62487824861568708,139.36665392010454,1476.0789445794194,0.2293106106362637,0.0018149072838396433,0.0014465559952009405,0.0026221350804526617,0.10069509779089351,0.002995976258864377,0.10998623193149773,1.9137632943541437e-05,8.3104713663739746e-12,8.0431522815566366e-13,1.9513327952660418e-10,2.1738290327353686e-09,0.0042779185604506637,0.038155435840299269,4.9974209542612393e-09,4.6644064051281419e-10,2.3234528297085588e-13,0.73798659578338688
0.0079347826086956525,-0.60341513449101192,136.10050606261893,1395.3864358081,0.24332819582546544,0.0014377442111141779,0.001089696374139098,0.0021499267584069695,0.11243293429519909,0.0022604918797269982,0.10171330495329005,2.2226597393413692e-05,1.6664284153252179e-12,1.6434060254123849e-13,5.3816325455487644e-11,7.8771767686578986e-10,0.0033601582583555321,0.033401528545089251,3.4913431796643357e-09,1.4668182786789217e-10,4.2982862800943489e-14,0.74213198364585276
0.0079891304347826098,-0.57930503578787995,132.80440866100517,1310.9155680136148,0.2597990384576399,0.0011684731985858411,0.0007838336435592307,0.0016513876625258751,0.1237975916723897,0.0016296467220888017,0.093288355798713182,2.5782142552396877e-05,3.8077064763042363e-13,3.7992087344323132e-14,1.7478710066775618e-11,3.4222558244739218e-10,0.0026792971662444737,0.028863934517352075,2.3672017628355034e-09,5.5718031048507057e-11,9.0394844014779955e-15,0.74611169469293648
0.0080434782608695653,-0.55265901910338633,129.48796817014545,1223.1382926352919,0.27927416440253794,0.00098396903929236917,0.0005327287794462687,0.0011725623227715595,0.13467203935402527,0.0011245520443352243,0.08476752109954476,2.9911166908669874e-05,9.9750989652007217e-14,1.0016594531272386e-14,6.7271820782170532e-12,1.7909868563548307e-10,0.002166315462405356,0.024610052646294713,1.5221819424140383e-09,2.5915001684135725e-11,2.2134252507871899e-15,0.74994034635094098
0.0080978260869565208,-0.52372350165847359,126.16269388065831,1132.8128645539696,0.30241589628486876,0.00086042784475916147,0.00033691276781333676,0.00075829968347066877,0.14495001595427406,0.00074546522543644095,0.07623025498604373,3.4626570429969079e-05,2.9771000150915294e-14,2.9976186071556613e-15,3.0418985020980274e-12,1.1118221957089291e-10,0.0017699478650885024,0.020685360077260313,9.0221793964296025e-10,1.4508350898786947e-11,6.3507531994041557e-16,0.75362868799444016
0.008152173913043478,-0.49290554002167086,122.84286356090128,1041.0244311319209,0.33000043062207723,0.00077605592412905051,0.00019393215767969169,0.00044179376053393743,0.15454612302833648,0.00047514292637722283,0.067771615578175237,3.9646136327775599e-05,9.8425350539352091e-15,9.911494608707593e-16,1.5708704019933447e-12,7.8787368650738981e-11,0.0014540884316322543,0.017117597256144416,4.770428987413219e-10,9.2456512949762824e-12,2.0464999010127328e-16,0.75718400423400622
0.0082065217391304353,-0.46079768376027669,119.54657967612678,949.21160282502228,0.3628923407309524,0.00071380052154711149,9.8611433809260752e-05,0.0002322570593432217,0.1634044751985762,0.00028839455059898305,0.059491647851758422,4.407659513076491e-05,3.4204585487574126e-15,3.4351454239825529e-16,8.8718295634410952e-13,6.0697621686488704e-11,0.0011946002402399459,0.013921327483800781,2.1733616331833111e-10,6.238191173721625e-12,6.6963991813977015e-17,0.7606108087800324
0.0082608695652173908,-0.42818010934729583,116.29691577748923,859.12723881286126,0.40197659813441966,0.00066240380898127302,4.290607653414725e-05,0.00011284114157263569,0.17149520775117999,0.00016283106956906766,0.051489572610130631,4.6189448708008427e-05,1.1635130840496063e-15,1.1593655588531416e-16,5.2120587491888561e-13,4.8736063984639845e-11,0.00097603777600385668,0.011101978416723042,8.2674768113889248e-11,4.2063588437297876e-12,1.9692329182949581e-17,0.76391003176445771
0.0082880434782608686,-0.41202544284712039,114.70111679158759,815.4402138247176,0.42402811361897813,0.00063897965793101969,2.6207601476202484e-05,7.6726044379640368e-05,0.17515952772823767,0.00011837309451508258,0.047715985674672903,4.5415054896658025e-05,6.601387129654906e-16,6.5364545698699403e-17,3.9994029416781797e-13,4.3952978913971337e-11,0.00088091091277269363,0.0098639145575440679,4.6956759377367836e-11,3.4283015492931377e-12,9.9067549242793209e-18,0.76547395957883535
0.0083152173913043463,-0.39611903112185159,113.12966706138087,772.95375946657464,0.44786749660859543,0.00061625931592054826,1.5128068542224564e-05,5.1900277695402881e-05,0.17862576644666253,8.4002702102750802e-05,0.044047114321584792,4.3159008106457649e-05,3.6623380596593453e-16,3.593203792155768e-17,3.0611549097355468e-13,3.968782260401192e-11,0.00079290363271095272,0.0087197593168714775,2.5080440560000035e-11,2.7814963818607965e-12,4.6967172339158513e-18,0.76700400684194658
0.0083423913043478258,-0.38059096032052814,111.58742046285823,731.91072417964028,0.47353077949354755,0.00059395967175482009,8.2110627528889869e-06,3.515507604730809e-05,0.18189166814755531,5.8328189186634066e-05,0.040495609041776778,3.9418929227256496e-05,1.984595646631441e-16,1.9246471218513861e-17,2.3304913715883476e-13,3.5815596455531894e-11,0.00071143253787037195,0.0076683209421257743,1.2531757576990554e-11,2.253470889807324e-12,2.0909319639372622e-18,0.76849789635086896
0.0083695652173913036,-0.36556767648951188,110.07957797090521,692.5352842579689,0.5010183074052578,0.00057190294663248995,4.172019512124876e-06,2.3981594327813814e-05,0.18495485546886126,3.9834642388951114e-05,0.037074083826391761,3.4503911171875803e-05,1.0551896163477419e-16,1.008852751596515e-17,1.7634665155454425e-13,3.2260900416322092e-11,0.00063607948386228586,0.0067080235749495511,5.8304572404298473e-12,1.8297120221768453e-12,8.7491995788111074e-19,0.76995256249180444
0.0083967391304347813,-0.35116865576713513,108.61160082254189,655.02662762192415,0.5302861628838779,0.00054998384071680475,1.9787083555573736e-06,1.6543117416806401e-05,0.18781312478550422,2.6945948993137186e-05,0.033794852526045957,2.8977457281587515e-05,5.5471474206612214e-17,5.2142233301530337e-18,1.3271877662403291e-13,2.8979685541511447e-11,0.00056654948924762653,0.0058368707898474575,2.5177361045139964e-12,1.4931295957903853e-12,3.4584850405775632e-19,0.77136417330346763
0.0084239130434782608,-0.33750431619127558,107.18909019174804,619.55542729145748,0.5612363976488413,0.0005281481748029373,8.7639389170070023e-07,1.1563319603728002e-05,0.19046482943377607,1.8181057450698293e-05,0.030669684432669677,2.3480115318171017e-05,2.9075415217111385e-17,2.6794480085204611e-18,9.9489051786250244e-14,2.5947055045267774e-11,0.00050263095890193973,0.0050524070683978153,1.0091196883230432e-12,1.2260889537065556e-12,1.3047961095451354e-19,0.77272819901690548
0.0084510869565217386,-0.32467502755023453,105.81763522460399,586.26267813098343,0.5937063847650169,0.00050637977577796167,3.6373052183937945e-07,8.1889359728956917e-06,0.19290926868591193,1.2296253102093854e-05,0.02770959803025682,1.8528885975534307e-05,1.5295204361835894e-17,1.3780523115863145e-18,7.4422328631352618e-14,2.3149217082771343e-11,0.00044416043701713871,0.0043516819398449679,3.7652718037270337e-13,1.0128138685938489e-12,4.7705986450270095e-20,0.77403953330100572
0.0084782608695652163,-0.31277060896297482,104.50263264631603,555.25965396336471,0.6274587343689257,0.00048469191787241684,1.3791164641661605e-07,5.8635923946955659e-06,0.19514700435117049,8.3465881930062042e-06,0.024924650923811336,1.4410860607860338e-05,8.0968304825169192e-18,7.1153305040730242e-19,5.5665930403283206e-14,2.0578306373391564e-11,0.00039099363871503005,0.0037312216439630355,1.2744822156705353e-13,8.4070624191308279e-13,1.6990456952193431e-20,0.77529267855002348
0.0085326086956521736,-0.2919171931551342,102.04946775757246,500.22684103465451,0.6977462042540877,0.00044071928278719606,2.6318232316048095e-08,3.1787972750397368e-06,0.19910853647588705,4.0781963494364333e-06,0.019792626260066091,8.7567675924034764e-06,2.454298182687392e-18,2.0378727056551577e-19,3.1523879050976984e-14,1.5988867570960474e-11,0.00029770618353145518,0.0026876137665594727,1.8840228623067749e-14,5.8223602709710357e-13,2.6798178170649953e-21,0.77765675793509803
0.0085869565217391308,-0.27518782153288313,99.854004424357939,454.3508861334177,0.7693993951893632,0.00039782259784984134,5.6019774088805156e-09,1.766573184274781e-06,0.20229870442579984,2.0162485024958643e-06,0.015444256460012596,5.4401543816347271e-06,7.6636839581864245e-19,5.9780479065489722e-20,1.8081340850197828e-14,1.2240444905224666e-11,0.00022335203292959887,0.001904166733697565,3.0177212300725076e-15,4.030285442554104e-13,4.6744406395675473e-22,0.77972246915900034
0.0086956521739130436,-0.25383872849506828,96.207365571834217,387.54096690394579,0.9042604007742466,0.0003149016127879388,5.9408950217865354e-10,6.6035011588139946e-07,0.20685327124070679,6.3110549157028663e-07,0.0088004811125769744,2.3961535542637706e-06,1.1050152847198122e-19,7.594677348985399e-21,6.901748136173979e-15,6.7642728151453618e-12,0.00011853527987274843,0.00089619595984400649,1.6517921789897468e-16,1.8745559321106699e-13,2.6386078171054602e-23,0.78301292658400146
0.0088043478260869563,-0.24635080694115655,93.496015776142542,346.86581377420805,1.011872953746207,0.00024352445831086765,8.7423657335915027e-11,2.7443570983312653e-07,0.20943572788615,2.220899570632893e-07,0.0047343931532646917,1.1005055566655868e-06,1.8729540532674537e-20,1.1565899621973239e-21,2.8509749587552289e-15,3.5595542232574666e-12,5.9869782828183006e-05,0.00039699147598342154,1.1727780792208286e-17,8.2755419814016787e-14,2.1403505695131076e-24,0.78512789612117029
0.0089130434782608708,-0.24979956297527489,91.543355811072686,324.6199730218267,1.0821757443366928,0.00018545135570022058,1.6194011809971866e-11,1.2532615928420485e-07,0.21076096354744889,8.6779105509534121e-08,0.0025012253837985977,5.2410617864705933e-07,3.5846743639026766e-21,2.0603704370299894e-22,1.2620569369611847e-15,1.8542148091255458e-12,3.0037973199178841e-05,0.00017568803557112191,1.0534705632840486e-18,3.6527305211001021e-14,2.5739582739522152e-25,0.78634589747475259
0.0091304347826086964,-0.27407483666249549,88.818601569644272,306.87813476769088,1.145610479433644,0.00010361453575636697,1.3673779893267335e-12,3.7709782048789801e-08,0.21175830478193408,2.318208163530447e-08,0.00069913766704390531,1.3417382490208757e-07,2.6638476541086279e-22,1.4335268971996167e-23,3.2017068587564094e-16,5.1081923762744155e-13,7.7910078467699651e-06,3.7225267061605798e-05,2.2901942687887456e-20,7.7130270178064322e-15,1.2648155892391521e-26,0.78739373167278237
0.0093478260869565219,-0.30730445780028731,86.760388199132976,301.78427350636935,1.1652295663586443,5.626755218990032e-05,1.3549234816875153e-13,1.201728290530555e-08,0.21202714962850422,6.9895119430994261e-09,0.00018268276188649721,3.2671462109270139e-08,2.0833620607655712e-23,1.0984026237812242e-24,8.0707350344140168e-17,1.3216101200835504e-13,1.8937810134342582e-06,7.3004027556725454e-06,5.9448787338374635e-22,1.5043560436797227e-15,8.7098932849893391e-28,0.78772465419512405
0.0095652173913043474,-0.34320059466774999,84.917785006338363,300.48813431202132,1.170343471590315,3.0577065596699102e-05,1.5692116121748325e-14,4.0890679123583625e-09,0.21209374132588574,2.3011820833538413e-09,5.0416361055305167e-05,8.4831825430169992e-09,1.87086776817551e-24,9.8125748495270184e-26,2.1851795775980225e-17,3.6192281252604963e-14,4.8974483464905102e-07,1.5467465968729161e-06,2.1231045917452379e-23,3.169221929132175e-16,7.5678717356184248e-29,0.78782321388254595
0.01,-0.41493011821409348,81.35416328616536,300.05448953261754,1.172078295810294,9.3625640703008299e-06,3.9958276053192656e-16,6.3031920074414513e-10,0.21211711261717409,3.4731644683670893e-10,5.6956614606743067e-06,8.842735633315294e-10,3.1696793627082102e-26,1.6603877946930405e-27,2.4471553598458221e-18,4.0497944396360376e-15,5.0892042555344543e-08,1.2515795237635455e-07,1.1605484374588769e-25,2.5451898161689763e-17,1.2682886238307202e-30,0.78786765124538638
0.010434782608695653,-0.48405833146085986,77.814209489528835,300.00660313868377,1.1722746559146102,2.9303637711624786e-06,1.2406082386195904e-17,1.0414676518899066e-10,0.21212036852070279,5.6415308215393563e-11,6.9840086720545422e-07,1.003449957401421e-10,6.3206041642794129e-28,3.3761708834843854e-29,2.9808701747449564e-19,4.9213037508657542e-16,5.7617627547609251e-09,1.1138876228571768e-08,1.2795991592853122e-27,2.2485101800250317e-18,2.5068779928810261e-32,0.78787598555311233
0.011304347826086957,-0.61322262083602086,70.739803629309421,300.00026421098471,1.1723025191710799,3.6871880862422035e-07,5.3546293794390005e-20,5.934923512920156e-12,0.21212112791144819,3.1567031722716157e-12,2.8316635453918935e-08,3.7293358446071015e-12,1.025653791234887e-30,7.6283542561994731e-33,1.2005342121339307e-20,1.9754165803146935e-17,2.1379127178593398e-10,3.1765327448013688e-10,1.8332778555328008e-30,6.3607903287753463e-20,5.6496761548872826e-35,0.7878784745088423
0.012173913043478261,-0.73009627765030016,63.66580701262729,300.00000895609196,1.172303886912295,4.0035377472153044e-08,1.2262003107685284e-21,2.8758128142486853e-13,0.21212120368050918,1.5017479584612666e-13,9.7274551700223116e-10,1.1734284491725497e-13,-1.3364245189949021e-31,1.7358327385555634e-33,4.0966106993032328e-22,6.7177067688792737e-19,6.7162242208393876e-12,7.655324398850214e-12,-3.4917464472690474e-32,1.5205626830387181e-21,9.1722858070129274e-38,0.78787875529644125
0.013043478260869566,-0.83466808463488074,56.591827855008638,300.00000026702907,1.1723039606752264,3.8704367780414339e-09,-2.0153948384308715e-23,1.2286060965758987e-14,0.21212121132480702,6.2980716505574074e-15,2.9394205299500935e-11,3.2458451699676387e-15,7.8828125712980562e-33,-8.2327967426208011e-34,1.2296180947806747e-23,2.009387828371783e-20,1.8550552135311754e-13,1.6201342706741651e-13,2.1647044195717528e-33,3.1920089752198254e-23,1.1547238594315524e-40,0.78787878477499262
0.01391304347826087,-0.92693736548824135,49.517849350459599,300.00000000719638,1.17230396554697,3.4110560241881396e-10,2.0388278836702145e-27,4.7521930813066549e-16,0.21212121205151518,2.391135930502999e-16,8.0289968670771886e-13,8.1135668154997695e-17,-9.1887626099717659e-39,-4.5010927452659607e-39,3.336153423477628e-25,5.4328363879006451e-22,4.6300082369019168e-15,3.0958087447754617e-15,-7.3545729599802942e-41,6.0499931108760337e-25,1.1895838672178777e-43,0.78787878760656771
0.014782608695652174,-1.0069040784188972,42.443870870766162,300.000000000179,1.1723039659158152,2.7921311269761818e-11,5.4706723807455852e-30,1.6987575909555606e-17,0.21212121211551832,8.3892969713457543e-18,2.0245072330373561e-14,1.8717773487483534e-18,1.6276210042368431e-39,1.5106751905629078e-40,8.3555558092870613e-27,1.3559254305853566e-23,1.066502856131669e-16,5.4562771251671349e-17,4.4732405103343528e-40,1.0576570941433869e-26,1.0454130310209011e-46,0.78787878785653997
0.015652173913043479,-1.0745682203610711,35.369892392174521,300.00000000000421,1.1723039659445673,2.155649571625281e-12,1.3615428783486287e-32,5.7064319149794146e-19,0.21212121212077276,2.7657933407196322e-19,4.7930012404873058e-16,4.0537056261278949e-20,-1.5681257383093028e-41,-2.2900584055012326e-42,1.9648582199109471e-28,3.1773585208607622e-25,2.3061986724185517e-18,9.02371226789909e-19,-4.3025543482899311e-42,1.7350267005230912e-28,8.1054355508854908e-50,0.78787878787707122
0.016521739130434782,-1.1299297910597483,28.295913913679566,300.00000000000011,1.1723039659467576,1.5904335112836345e-13,3.1688384878465566e-35,1.826838830425677e-20,0.21212121212117965,8.6895869547305519e-21,1.0807535148357829e-17,8.3603775090675881e-22,-1.5776381906768706e-43,-1.1064874362852975e-43,4.4006343827541433e-30,7.0912194027673684e-27,4.7490437304193613e-20,1.420723503379075e-20,-4.3295537837817068e-44,2.7096495465231722e-30,5.7039155790323429e-53,0.78787878787866128
0.017391304347826087,-1.1729887904934198,21.221935435225067,300.0,1.172303965946919,1.1344164087345185e-14,6.3332341431757249e-38,5.6425014396136607e-22,0.21212121212120974,2.6339149248381353e-22,2.3500719190104898e-19,1.6626245278287013e-23,-1.1370656552575727e-44,1.660249270307587e-45,9.504574869076565e-32,1.5261812670620751e-28,9.429953827662631e-22,2.1563791852669207e-22,-3.1203119175858472e-45,4.0797022968697597e-32,3.7343935683468514e-56,0.78787878787877874
0.018260869565217393,-1.2037452186603859,14.147956956799392,300.0,1.1723039659469303,7.9052264009188957e-16,7.9805493716098892e-41,1.7001619849907222e-23,0.21212121212121191,7.7882955025523409e-24,4.9835460105273886e-21,3.2243038340165958e-25,8.8601285080002887e-47,2.6993654524757682e-47,2.0019416223397457e-33,3.2032484157014465e-30,1.8259377398260276e-23,3.1910954922113986e-24,2.4311611956387422e-47,5.9892103777409498e-34,2.3259443005249125e-59,0.78787878787878729
0.019130434782608695,-1.2221990755605527,7.0739784783937711,300.0,1.1723039659469314,5.4350357282208682e-17,2.7737871376326952e-43,5.0492887271376198e-25,0.21212121212121204,2.2698557031833984e-25,1.0414061387294916e-22,6.16144171082097e-27,-3.8328613342719547e-49,-5.3911647863557592e-51,4.1552192849166493e-35,6.6251711017216069e-32,3.4839077634152125e-25,4.6527423609571868e-26,-1.0516449631076137e-49,8.6636838120320142e-36,1.407051496355393e-62,0.78787878787878785
0.02,-1.2283503611939386,0.0,300.0,1.1723039659469314,3.7204810722279908e-18,2.8660396118068111e-44,1.4925099280410562e-26,0.21212121212121204,6.5841249982161034e-27,2.165765581657889e-24,1.1717386606769219e-28,-8.0986183074296335e-51,-8.9222663991525748e-52,8.5836968097496438e-37,1.3636795165964352e-33,6.615295333754776e-27,6.7508874422332855e-28,-1.5260021077769452e-51,1.2467477598890786e-37,2.0097094987129612e-64,0.78787878787878785
